brand,family,model,model_year,category,size_label,size_normalized,size_cm,height_min,height_max,height_original,height_unit,stack,reach,geometry_raw,price_eur,price_is_from,product_url,source_url,extraction_method,loaded_at
Wilier,Filante [2040ae68],Filante SLR,,carretera,XS,XS,,,,,,505,380,"{""C/C (cm)"": ""43.2"", ""L (cm)"": ""51.5"", ""H (cm)"": ""45"", ""A (°)"": ""75.2"", ""L1 (cm)"": ""40.7"", ""H1 (cm)"": ""10.4"", ""A1 (°)"": ""70.8"", ""Reach (mm)"": ""380"", ""Stack (mm)"": ""505"", ""Wheelbase (mm)"": ""981""}",6999,true,https://www.wilier.com/es/bicicletas/carretera/filante-slr,https://www.wilier.com/es/bicicletas/carretera/filante-slr,html,2026-10-05
Wilier,Filante [2040ae68],Filante SLR,,carretera,S,S,,,,,,521,384,"{""C/C (cm)"": ""46.2"", ""L (cm)"": ""53"", ""H (cm)"": ""48"", ""A (°)"": ""74.5"", ""L1 (cm)"": ""40.7"", ""H1 (cm)"": ""11.9"", ""A1 (°)"": ""72"", ""Reach (mm)"": ""384"", ""Stack (mm)"": ""521"", ""Wheelbase (mm)"": ""984""}",6999,true,https://www.wilier.com/es/bicicletas/carretera/filante-slr,https://www.wilier.com/es/bicicletas/carretera/filante-slr,html,2026-10-05
Wilier,Filante [2040ae68],Filante SLR,,carretera,M,M,,,,,,538,388,"{""C/C (cm)"": ""48.2"", ""L (cm)"": ""54.3"", ""H (cm)"": ""50"", ""A (°)"": ""74"", ""L1 (cm)"": ""40.8"", ""H1 (cm)"": ""13.5"", ""A1 (°)"": ""72.5"", ""Reach (mm)"": ""388"", ""Stack (mm)"": ""538"", ""Wheelbase (mm)"": ""990""}",6999,true,https://www.wilier.com/es/bicicletas/carretera/filante-slr,https://www.wilier.com/es/bicicletas/carretera/filante-slr,html,2026-10-05
Wilier,Filante [2040ae68],Filante SLR,,carretera,L,L,,,,,,555,391,"{""C/C (cm)"": ""50.2"", ""L (cm)"": ""55.6"", ""H (cm)"": ""52"", ""A (°)"": ""73.5"", ""L1 (cm)"": ""41"", ""H1 (cm)"": ""15.4"", ""A1 (°)"": ""73"", ""Reach (mm)"": ""391"", ""Stack (mm)"": ""555"", ""Wheelbase (mm)"": ""997""}",6999,true,https://www.wilier.com/es/bicicletas/carretera/filante-slr,https://www.wilier.com/es/bicicletas/carretera/filante-slr,html,2026-10-05
Wilier,Filante [2040ae68],Filante SLR,,carretera,XL,XL,,,,,,571,395,"{""C/C (cm)"": ""52.2"", ""L (cm)"": ""57"", ""H (cm)"": ""54"", ""A (°)"": ""73"", ""L1 (cm)"": ""41.1"", ""H1 (cm)"": ""16.6"", ""A1 (°)"": ""73"", ""Reach (mm)"": ""395"", ""Stack (mm)"": ""571"", ""Wheelbase (mm)"": ""1002""}",6999,true,https://www.wilier.com/es/bicicletas/carretera/filante-slr,https://www.wilier.com/es/bicicletas/carretera/filante-slr,html,2026-10-05
Wilier,Filante [2040ae68],Filante SLR,,carretera,XXL,XXL,,,,,,587,399,"{""C/C (cm)"": ""54.2"", ""L (cm)"": ""58.3"", ""H (cm)"": ""56"", ""A (°)"": ""72.5"", ""L1 (cm)"": ""41.1"", ""H1 (cm)"": ""18.1"", ""A1 (°)"": ""73.5"", ""Reach (mm)"": ""399"", ""Stack (mm)"": ""587"", ""Wheelbase (mm)"": ""1006""}",6999,true,https://www.wilier.com/es/bicicletas/carretera/filante-slr,https://www.wilier.com/es/bicicletas/carretera/filante-slr,html,2026-10-05
Wilier,Filante [2040ae68],Filante SL,,carretera,XS,XS,,,,,,505,380,"{""C/C (cm)"": ""43.2"", ""L (cm)"": ""51.5"", ""H (cm)"": ""45"", ""A (°)"": ""75.2"", ""L1 (cm)"": ""40.7"", ""H1 (cm)"": ""10.4"", ""A1 (°)"": ""70.8"", ""Reach (mm)"": ""380"", ""Stack (mm)"": ""505"", ""Wheelbase (mm)"": ""981""}",4700,true,https://www.wilier.com/es/bicicletas/carretera/filante-sl,https://www.wilier.com/es/bicicletas/carretera/filante-sl,html,2026-10-05
Wilier,Filante [2040ae68],Filante SL,,carretera,S,S,,,,,,521,384,"{""C/C (cm)"": ""46.2"", ""L (cm)"": ""53"", ""H (cm)"": ""48"", ""A (°)"": ""74.5"", ""L1 (cm)"": ""40.7"", ""H1 (cm)"": ""11.9"", ""A1 (°)"": ""72"", ""Reach (mm)"": ""384"", ""Stack (mm)"": ""521"", ""Wheelbase (mm)"": ""984""}",4700,true,https://www.wilier.com/es/bicicletas/carretera/filante-sl,https://www.wilier.com/es/bicicletas/carretera/filante-sl,html,2026-10-05
Wilier,Filante [2040ae68],Filante SL,,carretera,M,M,,,,,,538,388,"{""C/C (cm)"": ""48.2"", ""L (cm)"": ""54.3"", ""H (cm)"": ""50"", ""A (°)"": ""74"", ""L1 (cm)"": ""40.8"", ""H1 (cm)"": ""13.5"", ""A1 (°)"": ""72.5"", ""Reach (mm)"": ""388"", ""Stack (mm)"": ""538"", ""Wheelbase (mm)"": ""990""}",4700,true,https://www.wilier.com/es/bicicletas/carretera/filante-sl,https://www.wilier.com/es/bicicletas/carretera/filante-sl,html,2026-10-05
Wilier,Filante [2040ae68],Filante SL,,carretera,L,L,,,,,,555,391,"{""C/C (cm)"": ""50.2"", ""L (cm)"": ""55.6"", ""H (cm)"": ""52"", ""A (°)"": ""73.5"", ""L1 (cm)"": ""41"", ""H1 (cm)"": ""15.4"", ""A1 (°)"": ""73"", ""Reach (mm)"": ""391"", ""Stack (mm)"": ""555"", ""Wheelbase (mm)"": ""997""}",4700,true,https://www.wilier.com/es/bicicletas/carretera/filante-sl,https://www.wilier.com/es/bicicletas/carretera/filante-sl,html,2026-10-05
Wilier,Filante [2040ae68],Filante SL,,carretera,XL,XL,,,,,,571,395,"{""C/C (cm)"": ""52.2"", ""L (cm)"": ""57"", ""H (cm)"": ""54"", ""A (°)"": ""73"", ""L1 (cm)"": ""41.1"", ""H1 (cm)"": ""16.6"", ""A1 (°)"": ""73"", ""Reach (mm)"": ""395"", ""Stack (mm)"": ""571"", ""Wheelbase (mm)"": ""1002""}",4700,true,https://www.wilier.com/es/bicicletas/carretera/filante-sl,https://www.wilier.com/es/bicicletas/carretera/filante-sl,html,2026-10-05
Wilier,Filante [2040ae68],Filante SL,,carretera,XXL,XXL,,,,,,587,399,"{""C/C (cm)"": ""54.2"", ""L (cm)"": ""58.3"", ""H (cm)"": ""56"", ""A (°)"": ""72.5"", ""L1 (cm)"": ""41.1"", ""H1 (cm)"": ""18.1"", ""A1 (°)"": ""73.5"", ""Reach (mm)"": ""399"", ""Stack (mm)"": ""587"", ""Wheelbase (mm)"": ""1006""}",4700,true,https://www.wilier.com/es/bicicletas/carretera/filante-sl,https://www.wilier.com/es/bicicletas/carretera/filante-sl,html,2026-10-05
Wilier,Wilier 0 [1b2ad81b],Wilier 0 SLR,,carretera,XS,XS,,,,,,503,376,"{""C/C (cm)"": ""41.2"", ""L (cm)"": ""51.1"", ""H (cm)"": ""43"", ""A (°)"": ""75.2"", ""L1 (cm)"": ""40.7"", ""H1 (cm)"": ""10.2"", ""A1 (°)"": ""70.5"", ""Reach (mm)"": ""376"", ""Stack (mm)"": ""503"", ""Wheelbase (mm)"": ""977""}",9400,true,https://www.wilier.com/es/bicicletas/carretera/wilier-0-slr,https://www.wilier.com/es/bicicletas/carretera/wilier-0-slr,html,2026-10-05
Wilier,Wilier 0 [1b2ad81b],Wilier 0 SLR,,carretera,S,S,,,,,,519,381,"{""C/C (cm)"": ""44.2"", ""L (cm)"": ""52.5"", ""H (cm)"": ""46"", ""A (°)"": ""74.6"", ""L1 (cm)"": ""40.7"", ""H1 (cm)"": ""11.8"", ""A1 (°)"": ""71.7"", ""Reach (mm)"": ""381"", ""Stack (mm)"": ""519"", ""Wheelbase (mm)"": ""979""}",9400,true,https://www.wilier.com/es/bicicletas/carretera/wilier-0-slr,https://www.wilier.com/es/bicicletas/carretera/wilier-0-slr,html,2026-10-05
Wilier,Wilier 0 [1b2ad81b],Wilier 0 SLR,,carretera,M,M,,,,,,536,386,"{""C/C (cm)"": ""47.2"", ""L (cm)"": ""54.1"", ""H (cm)"": ""49"", ""A (°)"": ""74"", ""L1 (cm)"": ""40.8"", ""H1 (cm)"": ""13.6"", ""A1 (°)"": ""72.15"", ""Reach (mm)"": ""386"", ""Stack (mm)"": ""536"", ""Wheelbase (mm)"": ""988""}",9400,true,https://www.wilier.com/es/bicicletas/carretera/wilier-0-slr,https://www.wilier.com/es/bicicletas/carretera/wilier-0-slr,html,2026-10-05
Wilier,Wilier 0 [1b2ad81b],Wilier 0 SLR,,carretera,L,L,,,,,,554,391,"{""C/C (cm)"": ""50.2"", ""L (cm)"": ""55.6"", ""H (cm)"": ""52"", ""A (°)"": ""73.5"", ""L1 (cm)"": ""41"", ""H1 (cm)"": ""15.3"", ""A1 (°)"": ""72.65"", ""Reach (mm)"": ""391"", ""Stack (mm)"": ""554"", ""Wheelbase (mm)"": ""996""}",9400,true,https://www.wilier.com/es/bicicletas/carretera/wilier-0-slr,https://www.wilier.com/es/bicicletas/carretera/wilier-0-slr,html,2026-10-05
Wilier,Wilier 0 [1b2ad81b],Wilier 0 SLR,,carretera,XL,XL,,,,,,572,397,"{""C/C (cm)"": ""52.2"", ""L (cm)"": ""57.2"", ""H (cm)"": ""54"", ""A (°)"": ""73"", ""L1 (cm)"": ""41.1"", ""H1 (cm)"": ""17.2"", ""A1 (°)"": ""72.8"", ""Reach (mm)"": ""397"", ""Stack (mm)"": ""572"", ""Wheelbase (mm)"": ""1008""}",9400,true,https://www.wilier.com/es/bicicletas/carretera/wilier-0-slr,https://www.wilier.com/es/bicicletas/carretera/wilier-0-slr,html,2026-10-05
Wilier,Wilier 0 [1b2ad81b],Wilier 0 SLR,,carretera,XXL,XXL,,,,,,591,402,"{""C/C (cm)"": ""54.2"", ""L (cm)"": ""58.7"", ""H (cm)"": ""56"", ""A (°)"": ""72.6"", ""L1 (cm)"": ""41.2"", ""H1 (cm)"": ""19.2"", ""A1 (°)"": ""73.1"", ""Reach (mm)"": ""402"", ""Stack (mm)"": ""591"", ""Wheelbase (mm)"": ""1017""}",9400,true,https://www.wilier.com/es/bicicletas/carretera/wilier-0-slr,https://www.wilier.com/es/bicicletas/carretera/wilier-0-slr,html,2026-10-05
Wilier,Wilier 0 [1b2ad81b],Wilier 0 SL,,carretera,XS,XS,,,,,,503,376,"{""C/C (cm)"": ""41.2"", ""L (cm)"": ""51.1"", ""H (cm)"": ""43"", ""A (°)"": ""75.2"", ""L1 (cm)"": ""40.7"", ""H1 (cm)"": ""10.2"", ""A1 (°)"": ""70.5"", ""Reach (mm)"": ""376"", ""Stack (mm)"": ""503"", ""Wheelbase (mm)"": ""977""}",5100,true,https://www.wilier.com/es/bicicletas/carretera/wilier-0-sl,https://www.wilier.com/es/bicicletas/carretera/wilier-0-sl,html,2026-10-05
Wilier,Wilier 0 [1b2ad81b],Wilier 0 SL,,carretera,S,S,,,,,,519,381,"{""C/C (cm)"": ""44.2"", ""L (cm)"": ""52.5"", ""H (cm)"": ""46"", ""A (°)"": ""74.6"", ""L1 (cm)"": ""40.7"", ""H1 (cm)"": ""11.8"", ""A1 (°)"": ""71.7"", ""Reach (mm)"": ""381"", ""Stack (mm)"": ""519"", ""Wheelbase (mm)"": ""979""}",5100,true,https://www.wilier.com/es/bicicletas/carretera/wilier-0-sl,https://www.wilier.com/es/bicicletas/carretera/wilier-0-sl,html,2026-10-05
Wilier,Wilier 0 [1b2ad81b],Wilier 0 SL,,carretera,M,M,,,,,,536,386,"{""C/C (cm)"": ""47.2"", ""L (cm)"": ""54.1"", ""H (cm)"": ""49"", ""A (°)"": ""74"", ""L1 (cm)"": ""40.8"", ""H1 (cm)"": ""13.6"", ""A1 (°)"": ""72.15"", ""Reach (mm)"": ""386"", ""Stack (mm)"": ""536"", ""Wheelbase (mm)"": ""988""}",5100,true,https://www.wilier.com/es/bicicletas/carretera/wilier-0-sl,https://www.wilier.com/es/bicicletas/carretera/wilier-0-sl,html,2026-10-05
Wilier,Wilier 0 [1b2ad81b],Wilier 0 SL,,carretera,L,L,,,,,,554,391,"{""C/C (cm)"": ""50.2"", ""L (cm)"": ""55.6"", ""H (cm)"": ""52"", ""A (°)"": ""73.5"", ""L1 (cm)"": ""41"", ""H1 (cm)"": ""15.3"", ""A1 (°)"": ""72.65"", ""Reach (mm)"": ""391"", ""Stack (mm)"": ""554"", ""Wheelbase (mm)"": ""996""}",5100,true,https://www.wilier.com/es/bicicletas/carretera/wilier-0-sl,https://www.wilier.com/es/bicicletas/carretera/wilier-0-sl,html,2026-10-05
Wilier,Wilier 0 [1b2ad81b],Wilier 0 SL,,carretera,XL,XL,,,,,,572,397,"{""C/C (cm)"": ""52.2"", ""L (cm)"": ""57.2"", ""H (cm)"": ""54"", ""A (°)"": ""73"", ""L1 (cm)"": ""41.1"", ""H1 (cm)"": ""17.2"", ""A1 (°)"": ""72.8"", ""Reach (mm)"": ""397"", ""Stack (mm)"": ""572"", ""Wheelbase (mm)"": ""1008""}",5100,true,https://www.wilier.com/es/bicicletas/carretera/wilier-0-sl,https://www.wilier.com/es/bicicletas/carretera/wilier-0-sl,html,2026-10-05
Wilier,Wilier 0 [1b2ad81b],Wilier 0 SL,,carretera,XXL,XXL,,,,,,591,402,"{""C/C (cm)"": ""54.2"", ""L (cm)"": ""58.7"", ""H (cm)"": ""56"", ""A (°)"": ""72.6"", ""L1 (cm)"": ""41.2"", ""H1 (cm)"": ""19.2"", ""A1 (°)"": ""73.1"", ""Reach (mm)"": ""402"", ""Stack (mm)"": ""591"", ""Wheelbase (mm)"": ""1017""}",5100,true,https://www.wilier.com/es/bicicletas/carretera/wilier-0-sl,https://www.wilier.com/es/bicicletas/carretera/wilier-0-sl,html,2026-10-05
Wilier,Granturismo SLR [82cb36cb],Granturismo SLR,,carretera,XS,XS,,,,,,527,369,"{""C/C (cm)"": ""43.8"", ""L (cm)"": ""51.7"", ""H (cm)"": ""45"", ""A (°)"": ""74.5"", ""L1 (cm)"": ""40.9"", ""H1 (cm)"": ""11.7"", ""A1 (°)"": ""71"", ""Reach (mm)"": ""369"", ""Stack (mm)"": ""527"", ""Wheelbase (mm)"": ""977""}",8200,true,https://www.wilier.com/es/bicicletas/carretera/granturismo-slr,https://www.wilier.com/es/bicicletas/carretera/granturismo-slr,html,2026-10-05
Wilier,Granturismo SLR [82cb36cb],Granturismo SLR,,carretera,S,S,,,,,,546,374,"{""C/C (cm)"": ""46.7"", ""L (cm)"": ""53.2"", ""H (cm)"": ""48"", ""A (°)"": ""74"", ""L1 (cm)"": ""40.9"", ""H1 (cm)"": ""13.6"", ""A1 (°)"": ""71.5"", ""Reach (mm)"": ""374"", ""Stack (mm)"": ""546"", ""Wheelbase (mm)"": ""985""}",8200,true,https://www.wilier.com/es/bicicletas/carretera/granturismo-slr,https://www.wilier.com/es/bicicletas/carretera/granturismo-slr,html,2026-10-05
Wilier,Granturismo SLR [82cb36cb],Granturismo SLR,,carretera,M,M,,,,,,566,379,"{""C/C (cm)"": ""48.6"", ""L (cm)"": ""54.7"", ""H (cm)"": ""50"", ""A (°)"": ""73.5"", ""L1 (cm)"": ""41.2"", ""H1 (cm)"": ""15.7"", ""A1 (°)"": ""72"", ""Reach (mm)"": ""379"", ""Stack (mm)"": ""566"", ""Wheelbase (mm)"": ""995""}",8200,true,https://www.wilier.com/es/bicicletas/carretera/granturismo-slr,https://www.wilier.com/es/bicicletas/carretera/granturismo-slr,html,2026-10-05
Wilier,Granturismo SLR [82cb36cb],Granturismo SLR,,carretera,L,L,,,,,,586,384,"{""C/C (cm)"": ""50.5"", ""L (cm)"": ""55.8"", ""H (cm)"": ""52"", ""A (°)"": ""73.5"", ""L1 (cm)"": ""41.2"", ""H1 (cm)"": ""17.7"", ""A1 (°)"": ""72.5"", ""Reach (mm)"": ""384"", ""Stack (mm)"": ""586"", ""Wheelbase (mm)"": ""1002""}",8200,true,https://www.wilier.com/es/bicicletas/carretera/granturismo-slr,https://www.wilier.com/es/bicicletas/carretera/granturismo-slr,html,2026-10-05
Wilier,Granturismo SLR [82cb36cb],Granturismo SLR,,carretera,XL,XL,,,,,,604,389,"{""C/C (cm)"": ""52.4"", ""L (cm)"": ""57.4"", ""H (cm)"": ""54"", ""A (°)"": ""73"", ""L1 (cm)"": ""41.2"", ""H1 (cm)"": ""19.6"", ""A1 (°)"": ""72.5"", ""Reach (mm)"": ""389"", ""Stack (mm)"": ""604"", ""Wheelbase (mm)"": ""1013""}",8200,true,https://www.wilier.com/es/bicicletas/carretera/granturismo-slr,https://www.wilier.com/es/bicicletas/carretera/granturismo-slr,html,2026-10-05
Wilier,Granturismo SLR [82cb36cb],Granturismo SLR,,carretera,XXL,XXL,,,,,,625,395,"{""C/C (cm)"": ""54.3"", ""L (cm)"": ""59.2"", ""H (cm)"": ""56"", ""A (°)"": ""72.5"", ""L1 (cm)"": ""41.4"", ""H1 (cm)"": ""21.7"", ""A1 (°)"": ""72.5"", ""Reach (mm)"": ""395"", ""Stack (mm)"": ""625"", ""Wheelbase (mm)"": ""1027""}",8200,true,https://www.wilier.com/es/bicicletas/carretera/granturismo-slr,https://www.wilier.com/es/bicicletas/carretera/granturismo-slr,html,2026-10-05
Wilier,Garda [6be6aff0],Garda,,carretera,XS,XS,,,,,,515,373,"{""C/C (cm)"": ""39.5"", ""L (cm)"": ""51.2"", ""H (cm)"": ""44"", ""A (°)"": ""75.2"", ""L1 (cm)"": ""40.9"", ""H1 (cm)"": ""11.2"", ""A1 (°)"": ""70.5"", ""Reach (mm)"": ""373"", ""Stack (mm)"": ""515"", ""Wheelbase (mm)"": ""981""}",2600,true,https://www.wilier.com/es/bicicletas/carretera/garda,https://www.wilier.com/es/bicicletas/carretera/garda,html,2026-10-05
Wilier,Garda [6be6aff0],Garda,,carretera,S,S,,,,,,531,378,"{""C/C (cm)"": ""41"", ""L (cm)"": ""52.2"", ""H (cm)"": ""46.5"", ""A (°)"": ""75"", ""L1 (cm)"": ""40.9"", ""H1 (cm)"": ""12.5"", ""A1 (°)"": ""71.7"", ""Reach (mm)"": ""378"", ""Stack (mm)"": ""531"", ""Wheelbase (mm)"": ""981""}",2600,true,https://www.wilier.com/es/bicicletas/carretera/garda,https://www.wilier.com/es/bicicletas/carretera/garda,html,2026-10-05
Wilier,Garda [6be6aff0],Garda,,carretera,M,M,,,,,,548,383,"{""C/C (cm)"": ""44.5"", ""L (cm)"": ""54.1"", ""H (cm)"": ""49"", ""A (°)"": ""74"", ""L1 (cm)"": ""41.1"", ""H1 (cm)"": ""14.4"", ""A1 (°)"": ""72.15"", ""Reach (mm)"": ""383"", ""Stack (mm)"": ""548"", ""Wheelbase (mm)"": ""990""}",2600,true,https://www.wilier.com/es/bicicletas/carretera/garda,https://www.wilier.com/es/bicicletas/carretera/garda,html,2026-10-05
Wilier,Garda [6be6aff0],Garda,,carretera,L,L,,,,,,566,388,"{""C/C (cm)"": ""47.5"", ""L (cm)"": ""55.1"", ""H (cm)"": ""52"", ""A (°)"": ""74"", ""L1 (cm)"": ""41.1"", ""H1 (cm)"": ""16.1"", ""A1 (°)"": ""72.65"", ""Reach (mm)"": ""388"", ""Stack (mm)"": ""566"", ""Wheelbase (mm)"": ""996""}",2600,true,https://www.wilier.com/es/bicicletas/carretera/garda,https://www.wilier.com/es/bicicletas/carretera/garda,html,2026-10-05
Wilier,Garda [6be6aff0],Garda,,carretera,XL,XL,,,,,,584,393,"{""C/C (cm)"": ""50.5"", ""L (cm)"": ""57.2"", ""H (cm)"": ""55"", ""A (°)"": ""73"", ""L1 (cm)"": ""41.4"", ""H1 (cm)"": ""17.9"", ""A1 (°)"": ""72.8"", ""Reach (mm)"": ""393"", ""Stack (mm)"": ""584"", ""Wheelbase (mm)"": ""1009""}",2600,true,https://www.wilier.com/es/bicicletas/carretera/garda,https://www.wilier.com/es/bicicletas/carretera/garda,html,2026-10-05
Wilier,Garda [6be6aff0],Garda,,carretera,XXL,XXL,,,,,,602,398,"{""C/C (cm)"": ""53.5"", ""L (cm)"": ""58.2"", ""H (cm)"": ""58"", ""A (°)"": ""73"", ""L1 (cm)"": ""41.4"", ""H1 (cm)"": ""19.7"", ""A1 (°)"": ""73.1"", ""Reach (mm)"": ""398"", ""Stack (mm)"": ""602"", ""Wheelbase (mm)"": ""1016""}",2600,true,https://www.wilier.com/es/bicicletas/carretera/garda,https://www.wilier.com/es/bicicletas/carretera/garda,html,2026-10-05
Wilier,GTR Team [a7517bc7],GTR Team,,carretera,XS,XS,,,,,,515,373,"{""C/C (cm)"": ""39.5"", ""L (cm)"": ""51.3"", ""H (cm)"": ""45"", ""A (°)"": ""75"", ""L1 (cm)"": ""40.6"", ""H1 (cm)"": ""11.5"", ""A1 (°)"": ""71"", ""Reach (mm)"": ""373"", ""Stack (mm)"": ""515""}",2050,true,https://www.wilier.com/es/bicicletas/carretera/gtr-team,https://www.wilier.com/es/bicicletas/carretera/gtr-team,html,2026-10-05
Wilier,GTR Team [a7517bc7],GTR Team,,carretera,S,S,,,,,,531,378,"{""C/C (cm)"": ""42.5"", ""L (cm)"": ""52.7"", ""H (cm)"": ""48"", ""A (°)"": ""74.5"", ""L1 (cm)"": ""40.6"", ""H1 (cm)"": ""13"", ""A1 (°)"": ""71.5"", ""Reach (mm)"": ""378"", ""Stack (mm)"": ""531""}",2050,true,https://www.wilier.com/es/bicicletas/carretera/gtr-team,https://www.wilier.com/es/bicicletas/carretera/gtr-team,html,2026-10-05
Wilier,GTR Team [a7517bc7],GTR Team,,carretera,M,M,,,,,,548,383,"{""C/C (cm)"": ""44.5"", ""L (cm)"": ""54"", ""H (cm)"": ""50"", ""A (°)"": ""74"", ""L1 (cm)"": ""40.8"", ""H1 (cm)"": ""14.8"", ""A1 (°)"": ""72"", ""Reach (mm)"": ""383"", ""Stack (mm)"": ""548""}",2050,true,https://www.wilier.com/es/bicicletas/carretera/gtr-team,https://www.wilier.com/es/bicicletas/carretera/gtr-team,html,2026-10-05
Wilier,GTR Team [a7517bc7],GTR Team,,carretera,L,L,,,,,,566,388,"{""C/C (cm)"": ""46.5"", ""L (cm)"": ""55.7"", ""H (cm)"": ""52"", ""A (°)"": ""73.5"", ""L1 (cm)"": ""40.8"", ""H1 (cm)"": ""16.6"", ""A1 (°)"": ""72.5"", ""Reach (mm)"": ""388"", ""Stack (mm)"": ""566""}",2050,true,https://www.wilier.com/es/bicicletas/carretera/gtr-team,https://www.wilier.com/es/bicicletas/carretera/gtr-team,html,2026-10-05
Wilier,GTR Team [a7517bc7],GTR Team,,carretera,XL,XL,,,,,,583,394,"{""C/C (cm)"": ""49.5"", ""L (cm)"": ""57.2"", ""H (cm)"": ""55"", ""A (°)"": ""73"", ""L1 (cm)"": ""41"", ""H1 (cm)"": ""18.4"", ""A1 (°)"": ""72"", ""Reach (mm)"": ""394"", ""Stack (mm)"": ""583""}",2050,true,https://www.wilier.com/es/bicicletas/carretera/gtr-team,https://www.wilier.com/es/bicicletas/carretera/gtr-team,html,2026-10-05
Wilier,GTR Team [a7517bc7],GTR Team,,carretera,XXL,XXL,,,,,,602,399,"{""C/C (cm)"": ""52.5"", ""L (cm)"": ""58.9"", ""H (cm)"": ""58"", ""A (°)"": ""72.5"", ""L1 (cm)"": ""41.1"", ""H1 (cm)"": ""20.3"", ""A1 (°)"": ""72.5"", ""Reach (mm)"": ""399"", ""Stack (mm)"": ""602""}",2050,true,https://www.wilier.com/es/bicicletas/carretera/gtr-team,https://www.wilier.com/es/bicicletas/carretera/gtr-team,html,2026-10-05
Wilier,Rave [6c289d2f],Rave SLR,,gravel,XS,XS,,,,,,513,370,"{""C/C (cm)"": ""43.2"", ""L (cm)"": ""51"", ""H (cm)"": ""45"", ""A (°)"": ""75"", ""L1 (cm)"": ""42.1"", ""H1 (cm)"": ""9.8"", ""A1 (°)"": ""70"", ""Reach (mm)"": ""370"", ""Stack (mm)"": ""513"", ""Wheelbase (mm)"": ""997""}",8000,true,https://www.wilier.com/es/bicicletas/gravel/rave-slr-gravel,https://www.wilier.com/es/bicicletas/gravel/rave-slr-gravel,html,2026-10-05
Wilier,Rave [6c289d2f],Rave SLR,,gravel,S,S,,,,,,532,377,"{""C/C (cm)"": ""46.2"", ""L (cm)"": ""52.7"", ""H (cm)"": ""48"", ""A (°)"": ""74.5"", ""L1 (cm)"": ""42.2"", ""H1 (cm)"": ""11.8"", ""A1 (°)"": ""70"", ""Reach (mm)"": ""377"", ""Stack (mm)"": ""532"", ""Wheelbase (mm)"": ""1012""}",8000,true,https://www.wilier.com/es/bicicletas/gravel/rave-slr-gravel,https://www.wilier.com/es/bicicletas/gravel/rave-slr-gravel,html,2026-10-05
Wilier,Rave [6c289d2f],Rave SLR,,gravel,M,M,,,,,,551,384,"{""C/C (cm)"": ""48.2"", ""L (cm)"": ""54.5"", ""H (cm)"": ""50"", ""A (°)"": ""74"", ""L1 (cm)"": ""42.3"", ""H1 (cm)"": ""13.4"", ""A1 (°)"": ""71"", ""Reach (mm)"": ""384"", ""Stack (mm)"": ""551"", ""Wheelbase (mm)"": ""1017""}",8000,true,https://www.wilier.com/es/bicicletas/gravel/rave-slr-gravel,https://www.wilier.com/es/bicicletas/gravel/rave-slr-gravel,html,2026-10-05
Wilier,Rave [6c289d2f],Rave SLR,,gravel,L,L,,,,,,570,391,"{""C/C (cm)"": ""50.2"", ""L (cm)"": ""56.1"", ""H (cm)"": ""52"", ""A (°)"": ""73.5"", ""L1 (cm)"": ""42.3"", ""H1 (cm)"": ""15.4"", ""A1 (°)"": ""71"", ""Reach (mm)"": ""391"", ""Stack (mm)"": ""570"", ""Wheelbase (mm)"": ""1031""}",8000,true,https://www.wilier.com/es/bicicletas/gravel/rave-slr-gravel,https://www.wilier.com/es/bicicletas/gravel/rave-slr-gravel,html,2026-10-05
Wilier,Rave [6c289d2f],Rave SLR,,gravel,XL,XL,,,,,,589,398,"{""C/C (cm)"": ""52.2"", ""L (cm)"": ""57.9"", ""H (cm)"": ""54"", ""A (°)"": ""73"", ""L1 (cm)"": ""42.5"", ""H1 (cm)"": ""17.2"", ""A1 (°)"": ""71.5"", ""Reach (mm)"": ""398"", ""Stack (mm)"": ""589"", ""Wheelbase (mm)"": ""1041""}",8000,true,https://www.wilier.com/es/bicicletas/gravel/rave-slr-gravel,https://www.wilier.com/es/bicicletas/gravel/rave-slr-gravel,html,2026-10-05
Wilier,Rave [6c289d2f],Rave SLR,,gravel,XXL,XXL,,,,,,608,405,"{""C/C (cm)"": ""54.2"", ""L (cm)"": ""59.7"", ""H (cm)"": ""56"", ""A (°)"": ""72.5"", ""L1 (cm)"": ""42.7"", ""H1 (cm)"": ""18.9"", ""A1 (°)"": ""72"", ""Reach (mm)"": ""405"", ""Stack (mm)"": ""608"", ""Wheelbase (mm)"": ""1051""}",8000,true,https://www.wilier.com/es/bicicletas/gravel/rave-slr-gravel,https://www.wilier.com/es/bicicletas/gravel/rave-slr-gravel,html,2026-10-05
Wilier,Rave [6c289d2f],Rave SL,,gravel,XS,XS,,,,,,513,370,"{""C/C (cm)"": ""43.2"", ""L (cm)"": ""51"", ""H (cm)"": ""45"", ""A (°)"": ""75"", ""L1 (cm)"": ""42.1"", ""H1 (cm)"": ""9.8"", ""A1 (°)"": ""70"", ""Reach (mm)"": ""370"", ""Stack (mm)"": ""513"", ""Wheelbase (mm)"": ""997""}",4200,true,https://www.wilier.com/es/bicicletas/gravel/rave-sl,https://www.wilier.com/es/bicicletas/gravel/rave-sl,html,2026-10-05
Wilier,Rave [6c289d2f],Rave SL,,gravel,S,S,,,,,,532,377,"{""C/C (cm)"": ""46.2"", ""L (cm)"": ""52.7"", ""H (cm)"": ""48"", ""A (°)"": ""74.5"", ""L1 (cm)"": ""42.2"", ""H1 (cm)"": ""11.8"", ""A1 (°)"": ""70"", ""Reach (mm)"": ""377"", ""Stack (mm)"": ""532"", ""Wheelbase (mm)"": ""1012""}",4200,true,https://www.wilier.com/es/bicicletas/gravel/rave-sl,https://www.wilier.com/es/bicicletas/gravel/rave-sl,html,2026-10-05
Wilier,Rave [6c289d2f],Rave SL,,gravel,M,M,,,,,,551,384,"{""C/C (cm)"": ""48.2"", ""L (cm)"": ""54.5"", ""H (cm)"": ""50"", ""A (°)"": ""74"", ""L1 (cm)"": ""42.3"", ""H1 (cm)"": ""13.4"", ""A1 (°)"": ""71"", ""Reach (mm)"": ""384"", ""Stack (mm)"": ""551"", ""Wheelbase (mm)"": ""1017""}",4200,true,https://www.wilier.com/es/bicicletas/gravel/rave-sl,https://www.wilier.com/es/bicicletas/gravel/rave-sl,html,2026-10-05
Wilier,Rave [6c289d2f],Rave SL,,gravel,L,L,,,,,,570,391,"{""C/C (cm)"": ""50.2"", ""L (cm)"": ""56.1"", ""H (cm)"": ""52"", ""A (°)"": ""73.5"", ""L1 (cm)"": ""42.3"", ""H1 (cm)"": ""15.4"", ""A1 (°)"": ""71"", ""Reach (mm)"": ""391"", ""Stack (mm)"": ""570"", ""Wheelbase (mm)"": ""1031""}",4200,true,https://www.wilier.com/es/bicicletas/gravel/rave-sl,https://www.wilier.com/es/bicicletas/gravel/rave-sl,html,2026-10-05
Wilier,Rave [6c289d2f],Rave SL,,gravel,XL,XL,,,,,,589,398,"{""C/C (cm)"": ""52.2"", ""L (cm)"": ""57.9"", ""H (cm)"": ""54"", ""A (°)"": ""73"", ""L1 (cm)"": ""42.5"", ""H1 (cm)"": ""17.2"", ""A1 (°)"": ""71.5"", ""Reach (mm)"": ""398"", ""Stack (mm)"": ""589"", ""Wheelbase (mm)"": ""1041""}",4200,true,https://www.wilier.com/es/bicicletas/gravel/rave-sl,https://www.wilier.com/es/bicicletas/gravel/rave-sl,html,2026-10-05
Wilier,Rave [6c289d2f],Rave SL,,gravel,XXL,XXL,,,,,,608,405,"{""C/C (cm)"": ""54.2"", ""L (cm)"": ""59.7"", ""H (cm)"": ""56"", ""A (°)"": ""72.5"", ""L1 (cm)"": ""42.7"", ""H1 (cm)"": ""18.9"", ""A1 (°)"": ""72"", ""Reach (mm)"": ""405"", ""Stack (mm)"": ""608"", ""Wheelbase (mm)"": ""1051""}",4200,true,https://www.wilier.com/es/bicicletas/gravel/rave-sl,https://www.wilier.com/es/bicicletas/gravel/rave-sl,html,2026-10-05
Wilier,Jena [14f4f9d1],Jena,,gravel,XS,XS,,,,,,531,363,"{""C/C (cm)"": ""38"", ""L (cm)"": ""50.8"", ""H (cm)"": ""44"", ""A (°)"": ""75"", ""L1 (cm)"": ""42.3"", ""H1 (cm)"": ""10"", ""A1 (°)"": ""70"", ""Reach (mm)"": ""363"", ""Stack (mm)"": ""531""}",2700,true,https://www.wilier.com/es/bicicletas/gravel/jena,https://www.wilier.com/es/bicicletas/gravel/jena,html,2026-10-05
Wilier,Jena [14f4f9d1],Jena,,gravel,S,S,,,,,,556,372,"{""C/C (cm)"": ""41"", ""L (cm)"": ""53.1"", ""H (cm)"": ""47"", ""A (°)"": ""74.3"", ""L1 (cm)"": ""42.3"", ""H1 (cm)"": ""12.5"", ""A1 (°)"": ""70.5"", ""Reach (mm)"": ""372"", ""Stack (mm)"": ""556""}",2700,true,https://www.wilier.com/es/bicicletas/gravel/jena,https://www.wilier.com/es/bicicletas/gravel/jena,html,2026-10-05
Wilier,Jena [14f4f9d1],Jena,,gravel,M,M,,,,,,582,382,"{""C/C (cm)"": ""44"", ""L (cm)"": ""55.4"", ""H (cm)"": ""50"", ""A (°)"": ""73.7"", ""L1 (cm)"": ""42.3"", ""H1 (cm)"": ""15"", ""A1 (°)"": ""71"", ""Reach (mm)"": ""382"", ""Stack (mm)"": ""582""}",2700,true,https://www.wilier.com/es/bicicletas/gravel/jena,https://www.wilier.com/es/bicicletas/gravel/jena,html,2026-10-05
Wilier,Jena [14f4f9d1],Jena,,gravel,L,L,,,,,,608,391,"{""C/C (cm)"": ""47"", ""L (cm)"": ""57.7"", ""H (cm)"": ""53"", ""A (°)"": ""73.1"", ""L1 (cm)"": ""42.3"", ""H1 (cm)"": ""17.5"", ""A1 (°)"": ""71.5"", ""Reach (mm)"": ""391"", ""Stack (mm)"": ""608""}",2700,true,https://www.wilier.com/es/bicicletas/gravel/jena,https://www.wilier.com/es/bicicletas/gravel/jena,html,2026-10-05
Wilier,Jena [14f4f9d1],Jena,,gravel,XL,XL,,,,,,633,401,"{""C/C (cm)"": ""51"", ""L (cm)"": ""60"", ""H (cm)"": ""57"", ""A (°)"": ""72.6"", ""L1 (cm)"": ""42.3"", ""H1 (cm)"": ""20"", ""A1 (°)"": ""72"", ""Reach (mm)"": ""401"", ""Stack (mm)"": ""633""}",2700,true,https://www.wilier.com/es/bicicletas/gravel/jena,https://www.wilier.com/es/bicicletas/gravel/jena,html,2026-10-05
Wilier,Jaroon [ce968c4e],Jaroon,,gravel,XS,XS,,,,,,548,384,"{""C/C (cm)"": ""39"", ""L (cm)"": ""54"", ""H (cm)"": ""44"", ""A (°)"": ""74"", ""L1 (cm)"": ""44"", ""H1 (cm)"": ""10"", ""A1 (°)"": ""70"", ""Reach (mm)"": ""384"", ""Stack (mm)"": ""548"", ""Wheelbase (mm)"": ""1037""}",1899,true,https://www.wilier.com/es/bicicletas/gravel/jaroon,https://www.wilier.com/es/bicicletas/gravel/jaroon,html,2026-10-05
Wilier,Jaroon [ce968c4e],Jaroon,,gravel,S,S,,,,,,567,392,"{""C/C (cm)"": ""42"", ""L (cm)"": ""55.5"", ""H (cm)"": ""47"", ""A (°)"": ""74"", ""L1 (cm)"": ""44"", ""H1 (cm)"": ""12.5"", ""A1 (°)"": ""70"", ""Reach (mm)"": ""392"", ""Stack (mm)"": ""567"", ""Wheelbase (mm)"": ""1054""}",1899,true,https://www.wilier.com/es/bicicletas/gravel/jaroon,https://www.wilier.com/es/bicicletas/gravel/jaroon,html,2026-10-05
Wilier,Jaroon [ce968c4e],Jaroon,,gravel,M,M,,,,,,587,401,"{""C/C (cm)"": ""45"", ""L (cm)"": ""57"", ""H (cm)"": ""50"", ""A (°)"": ""74"", ""L1 (cm)"": ""44"", ""H1 (cm)"": ""15"", ""A1 (°)"": ""70"", ""Reach (mm)"": ""401"", ""Stack (mm)"": ""587"", ""Wheelbase (mm)"": ""1071""}",1899,true,https://www.wilier.com/es/bicicletas/gravel/jaroon,https://www.wilier.com/es/bicicletas/gravel/jaroon,html,2026-10-05
Wilier,Jaroon [ce968c4e],Jaroon,,gravel,L,L,,,,,,606,409,"{""C/C (cm)"": ""48"", ""L (cm)"": ""58.5"", ""H (cm)"": ""53"", ""A (°)"": ""74"", ""L1 (cm)"": ""44"", ""H1 (cm)"": ""17.5"", ""A1 (°)"": ""70"", ""Reach (mm)"": ""409"", ""Stack (mm)"": ""606"", ""Wheelbase (mm)"": ""1088""}",1899,true,https://www.wilier.com/es/bicicletas/gravel/jaroon,https://www.wilier.com/es/bicicletas/gravel/jaroon,html,2026-10-05
Wilier,Jaroon [ce968c4e],Jaroon,,gravel,XL,XL,,,,,,626,417,"{""C/C (cm)"": ""51"", ""L (cm)"": ""60"", ""H (cm)"": ""56"", ""A (°)"": ""74"", ""L1 (cm)"": ""44"", ""H1 (cm)"": ""20"", ""A1 (°)"": ""70"", ""Reach (mm)"": ""417"", ""Stack (mm)"": ""626"", ""Wheelbase (mm)"": ""1104""}",1899,true,https://www.wilier.com/es/bicicletas/gravel/jaroon,https://www.wilier.com/es/bicicletas/gravel/jaroon,html,2026-10-05
Wilier,Jareen [f5972dc7],Jareen,,gravel,XS,XS,,,,,,524,368,"{""C/C (cm)"": ""40.5"", ""L (cm)"": ""51.1"", ""H (cm)"": ""46"", ""A (°)"": ""75"", ""L1 (cm)"": ""44"", ""H1 (cm)"": ""10"", ""A1 (°)"": ""70.25"", ""Reach (mm)"": ""368"", ""Stack (mm)"": ""524""}",1800,true,https://www.wilier.com/es/bicicletas/gravel/jareen,https://www.wilier.com/es/bicicletas/gravel/jareen,html,2026-10-05
Wilier,Jareen [f5972dc7],Jareen,,gravel,S,S,,,,,,546,376,"{""C/C (cm)"": ""43.5"", ""L (cm)"": ""52.9"", ""H (cm)"": ""49"", ""A (°)"": ""74.5"", ""L1 (cm)"": ""44"", ""H1 (cm)"": ""12"", ""A1 (°)"": ""71"", ""Reach (mm)"": ""376"", ""Stack (mm)"": ""546""}",1800,true,https://www.wilier.com/es/bicicletas/gravel/jareen,https://www.wilier.com/es/bicicletas/gravel/jareen,html,2026-10-05
Wilier,Jareen [f5972dc7],Jareen,,gravel,M,M,,,,,,566,383,"{""C/C (cm)"": ""45.5"", ""L (cm)"": ""54.7"", ""H (cm)"": ""51"", ""A (°)"": ""74"", ""L1 (cm)"": ""44"", ""H1 (cm)"": ""14"", ""A1 (°)"": ""71.5"", ""Reach (mm)"": ""383"", ""Stack (mm)"": ""566""}",1800,true,https://www.wilier.com/es/bicicletas/gravel/jareen,https://www.wilier.com/es/bicicletas/gravel/jareen,html,2026-10-05
Wilier,Jareen [f5972dc7],Jareen,,gravel,L,L,,,,,,585,390,"{""C/C (cm)"": ""47.5"", ""L (cm)"": ""56.5"", ""H (cm)"": ""53"", ""A (°)"": ""73.5"", ""L1 (cm)"": ""44"", ""H1 (cm)"": ""16"", ""A1 (°)"": ""71.5"", ""Reach (mm)"": ""390"", ""Stack (mm)"": ""585""}",1800,true,https://www.wilier.com/es/bicicletas/gravel/jareen,https://www.wilier.com/es/bicicletas/gravel/jareen,html,2026-10-05
Wilier,Jareen [f5972dc7],Jareen,,gravel,XL,XL,,,,,,604,396,"{""C/C (cm)"": ""49.5"", ""L (cm)"": ""58.2"", ""H (cm)"": ""55"", ""A (°)"": ""73"", ""L1 (cm)"": ""44"", ""H1 (cm)"": ""18"", ""A1 (°)"": ""71.5"", ""Reach (mm)"": ""396"", ""Stack (mm)"": ""604""}",1800,true,https://www.wilier.com/es/bicicletas/gravel/jareen,https://www.wilier.com/es/bicicletas/gravel/jareen,html,2026-10-05
Wilier,Urta Max [476eebc4],Urta Max SLR,,mtb,S,S,,,,,,598,415,"{""L (cm)"": ""57.5"", ""H (cm)"": ""41"", ""A (°)"": ""75"", ""L1 (cm)"": ""43.5"", ""H1 (cm)"": ""8.8"", ""A1 (°)"": ""67.5"", ""Reach (mm)"": ""415"", ""Stack (mm)"": ""598"", ""Wheelbase (mm)"": ""1126"", ""Wheelset ('')"": ""29''"", ""Travel (mm)"": ""120""}",4999,true,https://www.wilier.com/es/bicicletas/mtb/urta-max-slr,https://www.wilier.com/es/bicicletas/mtb/urta-max-slr,html,2026-10-05
Wilier,Urta Max [476eebc4],Urta Max SLR,,mtb,M,M,,,,,,598,443,"{""L (cm)"": ""60.3"", ""H (cm)"": ""44"", ""A (°)"": ""75"", ""L1 (cm)"": ""43.5"", ""H1 (cm)"": ""8.8"", ""A1 (°)"": ""67.5"", ""Reach (mm)"": ""443"", ""Stack (mm)"": ""598"", ""Wheelbase (mm)"": ""1154"", ""Wheelset ('')"": ""29''"", ""Travel (mm)"": ""120""}",4999,true,https://www.wilier.com/es/bicicletas/mtb/urta-max-slr,https://www.wilier.com/es/bicicletas/mtb/urta-max-slr,html,2026-10-05
Wilier,Urta Max [476eebc4],Urta Max SLR,,mtb,L,L,,,,,,602,471,"{""L (cm)"": ""63.2"", ""H (cm)"": ""48"", ""A (°)"": ""75"", ""L1 (cm)"": ""43.5"", ""H1 (cm)"": ""9.2"", ""A1 (°)"": ""67.5"", ""Reach (mm)"": ""471"", ""Stack (mm)"": ""602"", ""Wheelbase (mm)"": ""1184"", ""Wheelset ('')"": ""29''"", ""Travel (mm)"": ""120""}",4999,true,https://www.wilier.com/es/bicicletas/mtb/urta-max-slr,https://www.wilier.com/es/bicicletas/mtb/urta-max-slr,html,2026-10-05
Wilier,Urta Max [476eebc4],Urta Max SLR,,mtb,XL,XL,,,,,,613,500,"{""L (cm)"": ""66.4"", ""H (cm)"": ""52"", ""A (°)"": ""75"", ""L1 (cm)"": ""43.5"", ""H1 (cm)"": ""10.4"", ""A1 (°)"": ""67.5"", ""Reach (mm)"": ""500"", ""Stack (mm)"": ""613"", ""Wheelbase (mm)"": ""1218"", ""Wheelset ('')"": ""29''"", ""Travel (mm)"": ""120""}",4999,true,https://www.wilier.com/es/bicicletas/mtb/urta-max-slr,https://www.wilier.com/es/bicicletas/mtb/urta-max-slr,html,2026-10-05
Wilier,Urta Max [476eebc4],Urta Max SL,,mtb,S,S,,,,,,598,415,"{""L (cm)"": ""57.5"", ""H (cm)"": ""41"", ""A (°)"": ""75"", ""L1 (cm)"": ""43.5"", ""H1 (cm)"": ""8.8"", ""A1 (°)"": ""67.5"", ""Reach (mm)"": ""415"", ""Stack (mm)"": ""598"", ""Wheelbase (mm)"": ""1126"", ""Wheelset ('')"": ""29''"", ""Travel (mm)"": ""120""}",3900,true,https://www.wilier.com/es/bicicletas/mtb/urta-max-sl,https://www.wilier.com/es/bicicletas/mtb/urta-max-sl,html,2026-10-05
Wilier,Urta Max [476eebc4],Urta Max SL,,mtb,M,M,,,,,,598,443,"{""L (cm)"": ""60.3"", ""H (cm)"": ""44"", ""A (°)"": ""75"", ""L1 (cm)"": ""43.5"", ""H1 (cm)"": ""8.8"", ""A1 (°)"": ""67.5"", ""Reach (mm)"": ""443"", ""Stack (mm)"": ""598"", ""Wheelbase (mm)"": ""1154"", ""Wheelset ('')"": ""29''"", ""Travel (mm)"": ""120""}",3900,true,https://www.wilier.com/es/bicicletas/mtb/urta-max-sl,https://www.wilier.com/es/bicicletas/mtb/urta-max-sl,html,2026-10-05
Wilier,Urta Max [476eebc4],Urta Max SL,,mtb,L,L,,,,,,602,471,"{""L (cm)"": ""63.2"", ""H (cm)"": ""48"", ""A (°)"": ""75"", ""L1 (cm)"": ""43.5"", ""H1 (cm)"": ""9.2"", ""A1 (°)"": ""67.5"", ""Reach (mm)"": ""471"", ""Stack (mm)"": ""602"", ""Wheelbase (mm)"": ""1184"", ""Wheelset ('')"": ""29''"", ""Travel (mm)"": ""120""}",3900,true,https://www.wilier.com/es/bicicletas/mtb/urta-max-sl,https://www.wilier.com/es/bicicletas/mtb/urta-max-sl,html,2026-10-05
Wilier,Urta Max [476eebc4],Urta Max SL,,mtb,XL,XL,,,,,,613,500,"{""L (cm)"": ""66.4"", ""H (cm)"": ""52"", ""A (°)"": ""75"", ""L1 (cm)"": ""43.5"", ""H1 (cm)"": ""10.4"", ""A1 (°)"": ""67.5"", ""Reach (mm)"": ""500"", ""Stack (mm)"": ""613"", ""Wheelbase (mm)"": ""1218"", ""Wheelset ('')"": ""29''"", ""Travel (mm)"": ""120""}",3900,true,https://www.wilier.com/es/bicicletas/mtb/urta-max-sl,https://www.wilier.com/es/bicicletas/mtb/urta-max-sl,html,2026-10-05
Wilier,Urta SLR [33ed538b],Urta SLR,,mtb,S,S,,,,,,593,400,"{""L (cm)"": ""57"", ""H (cm)"": ""41"", ""A (°)"": ""74"", ""L1 (cm)"": ""43.5"", ""H1 (cm)"": ""9"", ""A1 (°)"": ""69"", ""Reach (mm)"": ""400"", ""Stack (mm)"": ""593"", ""Wheelbase (mm)"": ""1088"", ""Wheelset ('')"": ""29''"", ""Travel (mm)"": ""100""}",7400,true,https://www.wilier.com/es/bicicletas/mtb/urta-slr,https://www.wilier.com/es/bicicletas/mtb/urta-slr,html,2026-10-05
Wilier,Urta SLR [33ed538b],Urta SLR,,mtb,M,M,,,,,,596,426,"{""L (cm)"": ""59.7"", ""H (cm)"": ""44"", ""A (°)"": ""74"", ""L1 (cm)"": ""43.5"", ""H1 (cm)"": ""9.3"", ""A1 (°)"": ""69"", ""Reach (mm)"": ""426"", ""Stack (mm)"": ""596"", ""Wheelbase (mm)"": ""1115"", ""Wheelset ('')"": ""29''"", ""Travel (mm)"": ""100""}",7400,true,https://www.wilier.com/es/bicicletas/mtb/urta-slr,https://www.wilier.com/es/bicicletas/mtb/urta-slr,html,2026-10-05
Wilier,Urta SLR [33ed538b],Urta SLR,,mtb,L,L,,,,,,604,453,"{""L (cm)"": ""62.6"", ""H (cm)"": ""48"", ""A (°)"": ""74"", ""L1 (cm)"": ""43.5"", ""H1 (cm)"": ""10.1"", ""A1 (°)"": ""69"", ""Reach (mm)"": ""453"", ""Stack (mm)"": ""604"", ""Wheelbase (mm)"": ""1145"", ""Wheelset ('')"": ""29''"", ""Travel (mm)"": ""100""}",7400,true,https://www.wilier.com/es/bicicletas/mtb/urta-slr,https://www.wilier.com/es/bicicletas/mtb/urta-slr,html,2026-10-05
Wilier,Urta SLR [33ed538b],Urta SLR,,mtb,XL,XL,,,,,,613,480,"{""L (cm)"": ""65.6"", ""H (cm)"": ""53"", ""A (°)"": ""74"", ""L1 (cm)"": ""43.5"", ""H1 (cm)"": ""11.1"", ""A1 (°)"": ""69"", ""Reach (mm)"": ""480"", ""Stack (mm)"": ""613"", ""Wheelbase (mm)"": ""1175"", ""Wheelset ('')"": ""29''"", ""Travel (mm)"": ""100""}",7400,true,https://www.wilier.com/es/bicicletas/mtb/urta-slr,https://www.wilier.com/es/bicicletas/mtb/urta-slr,html,2026-10-05
Wilier,Usma [03cd8754],Usma SLR,,mtb,S,S,,,,,,597,405,"{""L (cm)"": ""56.5"", ""H (cm)"": ""40"", ""A (°)"": ""75"", ""L1 (cm)"": ""42.5"", ""H1 (cm)"": ""8.4"", ""A1 (°)"": ""67.75"", ""Reach (mm)"": ""405"", ""Stack (mm)"": ""597"", ""Wheelbase (mm)"": ""1090"", ""Wheelset ('')"": ""29''"", ""Travel (mm)"": ""100""}",6400,true,https://www.wilier.com/es/bicicletas/mtb/usma-slr,https://www.wilier.com/es/bicicletas/mtb/usma-slr,html,2026-10-05
Wilier,Usma [03cd8754],Usma SLR,,mtb,M,M,,,,,,608,430,"{""L (cm)"": ""59.3"", ""H (cm)"": ""44"", ""A (°)"": ""75"", ""L1 (cm)"": ""42.5"", ""H1 (cm)"": ""9.6"", ""A1 (°)"": ""67.75"", ""Reach (mm)"": ""430"", ""Stack (mm)"": ""608"", ""Wheelbase (mm)"": ""1120"", ""Wheelset ('')"": ""29''"", ""Travel (mm)"": ""100""}",6400,true,https://www.wilier.com/es/bicicletas/mtb/usma-slr,https://www.wilier.com/es/bicicletas/mtb/usma-slr,html,2026-10-05
Wilier,Usma [03cd8754],Usma SLR,,mtb,L,L,,,,,,619,454,"{""L (cm)"": ""62"", ""H (cm)"": ""48"", ""A (°)"": ""75"", ""L1 (cm)"": ""42.5"", ""H1 (cm)"": ""10.8"", ""A1 (°)"": ""67.75"", ""Reach (mm)"": ""454"", ""Stack (mm)"": ""619"", ""Wheelbase (mm)"": ""1148"", ""Wheelset ('')"": ""29''"", ""Travel (mm)"": ""100""}",6400,true,https://www.wilier.com/es/bicicletas/mtb/usma-slr,https://www.wilier.com/es/bicicletas/mtb/usma-slr,html,2026-10-05
Wilier,Usma [03cd8754],Usma SLR,,mtb,XL,XL,,,,,,630,478,"{""L (cm)"": ""64.7"", ""H (cm)"": ""52"", ""A (°)"": ""75"", ""L1 (cm)"": ""42.5"", ""H1 (cm)"": ""12"", ""A1 (°)"": ""67.75"", ""Reach (mm)"": ""478"", ""Stack (mm)"": ""630"", ""Wheelbase (mm)"": ""1177"", ""Wheelset ('')"": ""29''"", ""Travel (mm)"": ""100""}",6400,true,https://www.wilier.com/es/bicicletas/mtb/usma-slr,https://www.wilier.com/es/bicicletas/mtb/usma-slr,html,2026-10-05
Wilier,Usma [03cd8754],Usma SL,,mtb,S,S,,,,,,597,405,"{""L (cm)"": ""56.5"", ""H (cm)"": ""40"", ""A (°)"": ""75"", ""L1 (cm)"": ""42.5"", ""H1 (cm)"": ""8.4"", ""A1 (°)"": ""67.75"", ""Reach (mm)"": ""405"", ""Stack (mm)"": ""597"", ""Wheelbase (mm)"": ""1090"", ""Wheelset ('')"": ""29''"", ""Travel (mm)"": ""100""}",2100,true,https://www.wilier.com/es/bicicletas/mtb/usma-sl,https://www.wilier.com/es/bicicletas/mtb/usma-sl,html,2026-10-05
Wilier,Usma [03cd8754],Usma SL,,mtb,M,M,,,,,,608,430,"{""L (cm)"": ""59.3"", ""H (cm)"": ""44"", ""A (°)"": ""75"", ""L1 (cm)"": ""42.5"", ""H1 (cm)"": ""9.6"", ""A1 (°)"": ""67.75"", ""Reach (mm)"": ""430"", ""Stack (mm)"": ""608"", ""Wheelbase (mm)"": ""1120"", ""Wheelset ('')"": ""29''"", ""Travel (mm)"": ""100""}",2100,true,https://www.wilier.com/es/bicicletas/mtb/usma-sl,https://www.wilier.com/es/bicicletas/mtb/usma-sl,html,2026-10-05
Wilier,Usma [03cd8754],Usma SL,,mtb,L,L,,,,,,619,454,"{""L (cm)"": ""62"", ""H (cm)"": ""48"", ""A (°)"": ""75"", ""L1 (cm)"": ""42.5"", ""H1 (cm)"": ""10.8"", ""A1 (°)"": ""67.75"", ""Reach (mm)"": ""454"", ""Stack (mm)"": ""619"", ""Wheelbase (mm)"": ""1148"", ""Wheelset ('')"": ""29''"", ""Travel (mm)"": ""100""}",2100,true,https://www.wilier.com/es/bicicletas/mtb/usma-sl,https://www.wilier.com/es/bicicletas/mtb/usma-sl,html,2026-10-05
Wilier,Usma [03cd8754],Usma SL,,mtb,XL,XL,,,,,,630,478,"{""L (cm)"": ""64.7"", ""H (cm)"": ""52"", ""A (°)"": ""75"", ""L1 (cm)"": ""42.5"", ""H1 (cm)"": ""12"", ""A1 (°)"": ""67.75"", ""Reach (mm)"": ""478"", ""Stack (mm)"": ""630"", ""Wheelbase (mm)"": ""1177"", ""Wheelset ('')"": ""29''"", ""Travel (mm)"": ""100""}",2100,true,https://www.wilier.com/es/bicicletas/mtb/usma-sl,https://www.wilier.com/es/bicicletas/mtb/usma-sl,html,2026-10-05
Wilier,110FX [56c53317],110FX,,mtb,S,S,,,,,,589,395,"{""L (cm)"": ""57.7"", ""H (cm)"": ""41"", ""A (°)"": ""73.5"", ""L1 (cm)"": ""43.8"", ""H1 (cm)"": ""10"", ""A1 (°)"": ""69.5"", ""Reach (mm)"": ""395"", ""Stack (mm)"": ""589"", ""Wheelset ('')"": ""29''"", ""Travel (mm)"": ""100""}",3100,true,https://www.wilier.com/es/bicicletas/mtb/110fx,https://www.wilier.com/es/bicicletas/mtb/110fx,html,2026-10-05
Wilier,110FX [56c53317],110FX,,mtb,M,M,,,,,,596,417,"{""L (cm)"": ""59.4"", ""H (cm)"": ""44"", ""A (°)"": ""73.5"", ""L1 (cm)"": ""43.8"", ""H1 (cm)"": ""10.6"", ""A1 (°)"": ""70"", ""Reach (mm)"": ""417"", ""Stack (mm)"": ""596"", ""Wheelset ('')"": ""29''"", ""Travel (mm)"": ""100""}",3100,true,https://www.wilier.com/es/bicicletas/mtb/110fx,https://www.wilier.com/es/bicicletas/mtb/110fx,html,2026-10-05
Wilier,110FX [56c53317],110FX,,mtb,L,L,,,,,,605,440,"{""L (cm)"": ""61.9"", ""H (cm)"": ""48"", ""A (°)"": ""73.5"", ""L1 (cm)"": ""43.8"", ""H1 (cm)"": ""11.5"", ""A1 (°)"": ""70"", ""Reach (mm)"": ""440"", ""Stack (mm)"": ""605"", ""Wheelset ('')"": ""29''"", ""Travel (mm)"": ""100""}",3100,true,https://www.wilier.com/es/bicicletas/mtb/110fx,https://www.wilier.com/es/bicicletas/mtb/110fx,html,2026-10-05
Wilier,110FX [56c53317],110FX,,mtb,XL,XL,,,,,,614,463,"{""L (cm)"": ""64.5"", ""H (cm)"": ""53"", ""A (°)"": ""73.5"", ""L1 (cm)"": ""43.8"", ""H1 (cm)"": ""12.5"", ""A1 (°)"": ""70"", ""Reach (mm)"": ""463"", ""Stack (mm)"": ""614"", ""Wheelset ('')"": ""29''"", ""Travel (mm)"": ""100""}",3100,true,https://www.wilier.com/es/bicicletas/mtb/110fx,https://www.wilier.com/es/bicicletas/mtb/110fx,html,2026-10-05
Wilier,101X [f760d7dd],101X,,mtb,S,S,,,,,,607,400,"{""L (cm)"": ""58"", ""H (cm)"": ""42"", ""A (°)"": ""73.5"", ""L1 (cm)"": ""43.7"", ""H1 (cm)"": ""9.2"", ""A1 (°)"": ""70"", ""Reach (mm)"": ""400"", ""Stack (mm)"": ""607"", ""Wheelset ('')"": ""29''"", ""Travel (mm)"": ""100""}",2150,true,https://www.wilier.com/es/bicicletas/mtb/101x,https://www.wilier.com/es/bicicletas/mtb/101x,html,2026-10-05
Wilier,101X [f760d7dd],101X,,mtb,M,M,,,,,,610,420,"{""L (cm)"": ""60"", ""H (cm)"": ""45"", ""A (°)"": ""73.5"", ""L1 (cm)"": ""43.7"", ""H1 (cm)"": ""9.3"", ""A1 (°)"": ""70.5"", ""Reach (mm)"": ""420"", ""Stack (mm)"": ""610"", ""Wheelset ('')"": ""29''"", ""Travel (mm)"": ""100""}",2150,true,https://www.wilier.com/es/bicicletas/mtb/101x,https://www.wilier.com/es/bicicletas/mtb/101x,html,2026-10-05
Wilier,101X [f760d7dd],101X,,mtb,L,L,,,,,,627,435,"{""L (cm)"": ""62.1"", ""H (cm)"": ""49"", ""A (°)"": ""73.5"", ""L1 (cm)"": ""43.7"", ""H1 (cm)"": ""11"", ""A1 (°)"": ""70.5"", ""Reach (mm)"": ""435"", ""Stack (mm)"": ""627"", ""Wheelset ('')"": ""29''"", ""Travel (mm)"": ""100""}",2150,true,https://www.wilier.com/es/bicicletas/mtb/101x,https://www.wilier.com/es/bicicletas/mtb/101x,html,2026-10-05
Wilier,101X [f760d7dd],101X,,mtb,XL,XL,,,,,,644,450,"{""L (cm)"": ""64.7"", ""H (cm)"": ""53"", ""A (°)"": ""73"", ""L1 (cm)"": ""43.7"", ""H1 (cm)"": ""12.9"", ""A1 (°)"": ""70.5"", ""Reach (mm)"": ""450"", ""Stack (mm)"": ""644"", ""Wheelset ('')"": ""29''"", ""Travel (mm)"": ""100""}",2150,true,https://www.wilier.com/es/bicicletas/mtb/101x,https://www.wilier.com/es/bicicletas/mtb/101x,html,2026-10-05
Wilier,Urta Hybrid [f9faa1ae],Urta Hybrid,,emtb,S,S,,,,,,593,406,"{""L (cm)"": ""57.6"", ""H (cm)"": ""41"", ""A (°)"": ""74"", ""L1 (cm)"": ""44.8"", ""H1 (cm)"": ""9.3"", ""A1 (°)"": ""66"", ""Reach (mm)"": ""406"", ""Stack (mm)"": ""593"", ""Wheelbase (mm)"": ""1148"", ""Wheelset ('')"": ""29\"""", ""Travel (mm)"": ""120""}",7300,true,https://www.wilier.com/es/bicicletas/e-bike/urta-hybrid,https://www.wilier.com/es/bicicletas/e-bike/urta-hybrid,html,2026-10-05
Wilier,Urta Hybrid [f9faa1ae],Urta Hybrid,,emtb,M,M,,,,,,597,432,"{""L (cm)"": ""60.3"", ""H (cm)"": ""44"", ""A (°)"": ""74"", ""L1 (cm)"": ""44.8"", ""H1 (cm)"": ""9.4"", ""A1 (°)"": ""66.7"", ""Reach (mm)"": ""432"", ""Stack (mm)"": ""597"", ""Wheelbase (mm)"": ""1167"", ""Wheelset ('')"": ""29\"""", ""Travel (mm)"": ""120""}",7300,true,https://www.wilier.com/es/bicicletas/e-bike/urta-hybrid,https://www.wilier.com/es/bicicletas/e-bike/urta-hybrid,html,2026-10-05
Wilier,Urta Hybrid [f9faa1ae],Urta Hybrid,,emtb,L,L,,,,,,608,458,"{""L (cm)"": ""63.2"", ""H (cm)"": ""48"", ""A (°)"": ""74"", ""L1 (cm)"": ""44.8"", ""H1 (cm)"": ""10.5"", ""A1 (°)"": ""66.7"", ""Reach (mm)"": ""458"", ""Stack (mm)"": ""608"", ""Wheelbase (mm)"": ""1198"", ""Wheelset ('')"": ""29\"""", ""Travel (mm)"": ""120""}",7300,true,https://www.wilier.com/es/bicicletas/e-bike/urta-hybrid,https://www.wilier.com/es/bicicletas/e-bike/urta-hybrid,html,2026-10-05
Wilier,Urta Hybrid [f9faa1ae],Urta Hybrid,,emtb,XL,XL,,,,,,623,485,"{""L (cm)"": ""66.4"", ""H (cm)"": ""52"", ""A (°)"": ""74"", ""L1 (cm)"": ""44.8"", ""H1 (cm)"": ""12.2"", ""A1 (°)"": ""66.7"", ""Reach (mm)"": ""485"", ""Stack (mm)"": ""623"", ""Wheelbase (mm)"": ""1231"", ""Wheelset ('')"": ""29\"""", ""Travel (mm)"": ""120""}",7300,true,https://www.wilier.com/es/bicicletas/e-bike/urta-hybrid,https://www.wilier.com/es/bicicletas/e-bike/urta-hybrid,html,2026-10-05
Wilier,Adlar [35dbd03a],Adlar,,gravel,XS,XS,,,,,,538,395,"{""C/C (cm)"": ""38"", ""L (cm)"": ""54.2"", ""H (cm)"": ""44"", ""A (°)"": ""75"", ""L1 (cm)"": ""42.3"", ""H1 (cm)"": ""7.9"", ""A1 (°)"": ""70"", ""Reach (mm)"": ""395"", ""Stack (mm)"": ""538"", ""Wheelbase (mm)"": ""1030""}",2600,true,https://www.wilier.com/es/bicicletas/gravel/adlar,https://www.wilier.com/es/bicicletas/gravel/adlar,html,2026-10-05
Wilier,Adlar [35dbd03a],Adlar,,gravel,S,S,,,,,,562,404,"{""C/C (cm)"": ""41"", ""L (cm)"": ""56.2"", ""H (cm)"": ""47"", ""A (°)"": ""74.5"", ""L1 (cm)"": ""42.3"", ""H1 (cm)"": ""10.4"", ""A1 (°)"": ""70"", ""Reach (mm)"": ""404"", ""Stack (mm)"": ""562"", ""Wheelbase (mm)"": ""1048""}",2600,true,https://www.wilier.com/es/bicicletas/gravel/adlar,https://www.wilier.com/es/bicicletas/gravel/adlar,html,2026-10-05
Wilier,Adlar [35dbd03a],Adlar,,gravel,M,M,,,,,,586,413,"{""C/C (cm)"": ""44"", ""L (cm)"": ""58.3"", ""H (cm)"": ""50"", ""A (°)"": ""74"", ""L1 (cm)"": ""42.3"", ""H1 (cm)"": ""13"", ""A1 (°)"": ""70"", ""Reach (mm)"": ""413"", ""Stack (mm)"": ""586"", ""Wheelbase (mm)"": ""1065""}",2600,true,https://www.wilier.com/es/bicicletas/gravel/adlar,https://www.wilier.com/es/bicicletas/gravel/adlar,html,2026-10-05
Wilier,Adlar [35dbd03a],Adlar,,gravel,L,L,,,,,,610,422,"{""C/C (cm)"": ""47"", ""L (cm)"": ""59.9"", ""H (cm)"": ""53"", ""A (°)"": ""74"", ""L1 (cm)"": ""42.3"", ""H1 (cm)"": ""15.5"", ""A1 (°)"": ""70"", ""Reach (mm)"": ""422"", ""Stack (mm)"": ""610"", ""Wheelbase (mm)"": ""1083""}",2600,true,https://www.wilier.com/es/bicicletas/gravel/adlar,https://www.wilier.com/es/bicicletas/gravel/adlar,html,2026-10-05
Wilier,Adlar [35dbd03a],Adlar,,gravel,XL,XL,,,,,,634,431,"{""C/C (cm)"": ""51"", ""L (cm)"": ""62.1"", ""H (cm)"": ""57"", ""A (°)"": ""73.5"", ""L1 (cm)"": ""42.3"", ""H1 (cm)"": ""18.1"", ""A1 (°)"": ""70"", ""Reach (mm)"": ""431"", ""Stack (mm)"": ""634"", ""Wheelbase (mm)"": ""1101""}",2600,true,https://www.wilier.com/es/bicicletas/gravel/adlar,https://www.wilier.com/es/bicicletas/gravel/adlar,html,2026-10-05
Wilier,503X Race [694d945b],503X Race,,mtb,S,S,,,,,,617,395,"{""C/C (cm)"": ""36"", ""L (cm)"": ""58"", ""H (cm)"": ""42"", ""A (°)"": ""73.5"", ""L1 (cm)"": ""44"", ""H1 (cm)"": ""10"", ""A1 (°)"": ""70.5"", ""Reach (mm)"": ""395"", ""Stack (mm)"": ""617"", ""Wheelset ('')"": ""29''"", ""Travel (mm)"": ""100""}",1600,true,https://www.wilier.com/es/bicicletas/mtb/503x-race,https://www.wilier.com/es/bicicletas/mtb/503x-race,html,2026-10-05
Wilier,503X Race [694d945b],503X Race,,mtb,M,M,,,,,,628,412,"{""C/C (cm)"": ""39"", ""L (cm)"": ""60"", ""H (cm)"": ""45"", ""A (°)"": ""73.5"", ""L1 (cm)"": ""44"", ""H1 (cm)"": ""11.2"", ""A1 (°)"": ""70.5"", ""Reach (mm)"": ""412"", ""Stack (mm)"": ""628"", ""Wheelset ('')"": ""29''"", ""Travel (mm)"": ""100""}",1600,true,https://www.wilier.com/es/bicicletas/mtb/503x-race,https://www.wilier.com/es/bicicletas/mtb/503x-race,html,2026-10-05
Wilier,503X Race [694d945b],503X Race,,mtb,L,L,,,,,,639,428,"{""C/C (cm)"": ""43"", ""L (cm)"": ""62.5"", ""H (cm)"": ""49"", ""A (°)"": ""73"", ""L1 (cm)"": ""44"", ""H1 (cm)"": ""12.4"", ""A1 (°)"": ""70.5"", ""Reach (mm)"": ""428"", ""Stack (mm)"": ""639"", ""Wheelset ('')"": ""29''"", ""Travel (mm)"": ""100""}",1600,true,https://www.wilier.com/es/bicicletas/mtb/503x-race,https://www.wilier.com/es/bicicletas/mtb/503x-race,html,2026-10-05
Wilier,503X Race [694d945b],503X Race,,mtb,XL,XL,,,,,,650,444,"{""C/C (cm)"": ""47"", ""L (cm)"": ""65"", ""H (cm)"": ""53"", ""A (°)"": ""72.5"", ""L1 (cm)"": ""44"", ""H1 (cm)"": ""13.5"", ""A1 (°)"": ""70.5"", ""Reach (mm)"": ""444"", ""Stack (mm)"": ""650"", ""Wheelset ('')"": ""29''"", ""Travel (mm)"": ""100""}",1600,true,https://www.wilier.com/es/bicicletas/mtb/503x-race,https://www.wilier.com/es/bicicletas/mtb/503x-race,html,2026-10-05
Wilier,Cento10 SL [13dcd224],Cento10 SL,,carretera,XS,XS,,,,,,503,378,"{""C/C (cm)"": ""42"", ""L (cm)"": ""51.3"", ""H (cm)"": ""45"", ""A (°)"": ""75"", ""L1 (cm)"": ""40.4"", ""H1 (cm)"": ""10.7"", ""A1 (°)"": ""71.3"", ""Reach (mm)"": ""378"", ""Stack (mm)"": ""503""}",4400,true,https://www.wilier.com/es/bicicletas/carretera/cento10-sl,https://www.wilier.com/es/bicicletas/carretera/cento10-sl,html,2026-10-05
Wilier,Cento10 SL [13dcd224],Cento10 SL,,carretera,S,S,,,,,,519,382,"{""C/C (cm)"": ""44"", ""L (cm)"": ""52.6"", ""H (cm)"": ""48"", ""A (°)"": ""74.5"", ""L1 (cm)"": ""40.4"", ""H1 (cm)"": ""12.1"", ""A1 (°)"": ""72"", ""Reach (mm)"": ""382"", ""Stack (mm)"": ""519""}",4400,true,https://www.wilier.com/es/bicicletas/carretera/cento10-sl,https://www.wilier.com/es/bicicletas/carretera/cento10-sl,html,2026-10-05
Wilier,Cento10 SL [13dcd224],Cento10 SL,,carretera,M,M,,,,,,536,387,"{""C/C (cm)"": ""46"", ""L (cm)"": ""54.1"", ""H (cm)"": ""50"", ""A (°)"": ""74"", ""L1 (cm)"": ""40.5"", ""H1 (cm)"": ""13.8"", ""A1 (°)"": ""72.5"", ""Reach (mm)"": ""387"", ""Stack (mm)"": ""536""}",4400,true,https://www.wilier.com/es/bicicletas/carretera/cento10-sl,https://www.wilier.com/es/bicicletas/carretera/cento10-sl,html,2026-10-05
Wilier,Cento10 SL [13dcd224],Cento10 SL,,carretera,L,L,,,,,,554,391,"{""C/C (cm)"": ""48"", ""L (cm)"": ""55.6"", ""H (cm)"": ""52"", ""A (°)"": ""73.5"", ""L1 (cm)"": ""40.7"", ""H1 (cm)"": ""15.4"", ""A1 (°)"": ""73"", ""Reach (mm)"": ""391"", ""Stack (mm)"": ""554""}",4400,true,https://www.wilier.com/es/bicicletas/carretera/cento10-sl,https://www.wilier.com/es/bicicletas/carretera/cento10-sl,html,2026-10-05
Wilier,Cento10 SL [13dcd224],Cento10 SL,,carretera,XL,XL,,,,,,571,396,"{""C/C (cm)"": ""50"", ""L (cm)"": ""57.1"", ""H (cm)"": ""54"", ""A (°)"": ""73"", ""L1 (cm)"": ""40.9"", ""H1 (cm)"": ""17.3"", ""A1 (°)"": ""73"", ""Reach (mm)"": ""396"", ""Stack (mm)"": ""571""}",4400,true,https://www.wilier.com/es/bicicletas/carretera/cento10-sl,https://www.wilier.com/es/bicicletas/carretera/cento10-sl,html,2026-10-05
Wilier,Cento10 SL [13dcd224],Cento10 SL,,carretera,XXL,XXL,,,,,,589,400,"{""C/C (cm)"": ""52"", ""L (cm)"": ""58.7"", ""H (cm)"": ""56"", ""A (°)"": ""72.5"", ""L1 (cm)"": ""41"", ""H1 (cm)"": ""19"", ""A1 (°)"": ""73.5"", ""Reach (mm)"": ""400"", ""Stack (mm)"": ""589""}",4400,true,https://www.wilier.com/es/bicicletas/carretera/cento10-sl,https://www.wilier.com/es/bicicletas/carretera/cento10-sl,html,2026-10-05
Wilier,Verticale SLR [4ec179e1],Verticale SLR,,carretera,XS,XS,,,,,,505,374,"{""C/C (cm)"": ""43.2"", ""L (cm)"": ""50.9"", ""H (cm)"": ""45"", ""A (°)"": ""75.2"", ""L1 (cm)"": ""40.5"", ""H1 (cm)"": ""10.5"", ""A1 (°)"": ""70.6"", ""Reach (mm)"": ""374"", ""Stack (mm)"": ""505"", ""Wheelbase (mm)"": ""974""}",7900,true,https://www.wilier.com/es/bicicletas/carretera/verticale-slr,https://www.wilier.com/es/bicicletas/carretera/verticale-slr,html,2026-10-05
Wilier,Verticale SLR [4ec179e1],Verticale SLR,,carretera,S,S,,,,,,523,380,"{""C/C (cm)"": ""46.2"", ""L (cm)"": ""52.7"", ""H (cm)"": ""48"", ""A (°)"": ""74.5"", ""L1 (cm)"": ""40.7"", ""H1 (cm)"": ""12.1"", ""A1 (°)"": ""71.5"", ""Reach (mm)"": ""380"", ""Stack (mm)"": ""523"", ""Wheelbase (mm)"": ""981""}",7900,true,https://www.wilier.com/es/bicicletas/carretera/verticale-slr,https://www.wilier.com/es/bicicletas/carretera/verticale-slr,html,2026-10-05
Wilier,Verticale SLR [4ec179e1],Verticale SLR,,carretera,M,M,,,,,,541,387,"{""C/C (cm)"": ""48.2"", ""L (cm)"": ""54.3"", ""H (cm)"": ""50"", ""A (°)"": ""74"", ""L1 (cm)"": ""40.8"", ""H1 (cm)"": ""13.8"", ""A1 (°)"": ""72"", ""Reach (mm)"": ""387"", ""Stack (mm)"": ""541"", ""Wheelbase (mm)"": ""990""}",7900,true,https://www.wilier.com/es/bicicletas/carretera/verticale-slr,https://www.wilier.com/es/bicicletas/carretera/verticale-slr,html,2026-10-05
Wilier,Verticale SLR [4ec179e1],Verticale SLR,,carretera,L,L,,,,,,559,393,"{""C/C (cm)"": ""50.2"", ""L (cm)"": ""55.9"", ""H (cm)"": ""52"", ""A (°)"": ""73.5"", ""L1 (cm)"": ""41"", ""H1 (cm)"": ""15.5"", ""A1 (°)"": ""72.5"", ""Reach (mm)"": ""393"", ""Stack (mm)"": ""559"", ""Wheelbase (mm)"": ""999""}",7900,true,https://www.wilier.com/es/bicicletas/carretera/verticale-slr,https://www.wilier.com/es/bicicletas/carretera/verticale-slr,html,2026-10-05
Wilier,Verticale SLR [4ec179e1],Verticale SLR,,carretera,XL,XL,,,,,,577,400,"{""C/C (cm)"": ""52.2"", ""L (cm)"": ""57.6"", ""H (cm)"": ""54"", ""A (°)"": ""73"", ""L1 (cm)"": ""41.2"", ""H1 (cm)"": ""17.2"", ""A1 (°)"": ""73"", ""Reach (mm)"": ""400"", ""Stack (mm)"": ""577"", ""Wheelbase (mm)"": ""1009""}",7900,true,https://www.wilier.com/es/bicicletas/carretera/verticale-slr,https://www.wilier.com/es/bicicletas/carretera/verticale-slr,html,2026-10-05
Wilier,Verticale SLR [4ec179e1],Verticale SLR,,carretera,XXL,XXL,,,,,,595,408,"{""C/C (cm)"": ""54.2"", ""L (cm)"": ""58.9"", ""H (cm)"": ""56"", ""A (°)"": ""73"", ""L1 (cm)"": ""41.2"", ""H1 (cm)"": ""18.9"", ""A1 (°)"": ""73.5"", ""Reach (mm)"": ""408"", ""Stack (mm)"": ""595"", ""Wheelbase (mm)"": ""1017""}",7900,true,https://www.wilier.com/es/bicicletas/carretera/verticale-slr,https://www.wilier.com/es/bicicletas/carretera/verticale-slr,html,2026-10-05
Wilier,Granturismo SL [1a27b0ec],Granturismo SL,,carretera,XS,XS,,,,,,527,369,"{""C/C (cm)"": ""43.8"", ""L (cm)"": ""51.7"", ""H (cm)"": ""45"", ""A (°)"": ""74.5"", ""L1 (cm)"": ""42"", ""H1 (cm)"": ""11.7"", ""A1 (°)"": ""71"", ""Reach (mm)"": ""369"", ""Stack (mm)"": ""527"", ""Wheelbase (mm)"": ""989""}",4400,true,https://www.wilier.com/es/bicicletas/carretera/granturismo-sl,https://www.wilier.com/es/bicicletas/carretera/granturismo-sl,html,2026-10-05
Wilier,Granturismo SL [1a27b0ec],Granturismo SL,,carretera,S,S,,,,,,546,374,"{""C/C (cm)"": ""46.7"", ""L (cm)"": ""53.2"", ""H (cm)"": ""48"", ""A (°)"": ""74"", ""L1 (cm)"": ""42"", ""H1 (cm)"": ""13.6"", ""A1 (°)"": ""71.5"", ""Reach (mm)"": ""374"", ""Stack (mm)"": ""546"", ""Wheelbase (mm)"": ""996""}",4400,true,https://www.wilier.com/es/bicicletas/carretera/granturismo-sl,https://www.wilier.com/es/bicicletas/carretera/granturismo-sl,html,2026-10-05
Wilier,Granturismo SL [1a27b0ec],Granturismo SL,,carretera,M,M,,,,,,566,379,"{""C/C (cm)"": ""48.6"", ""L (cm)"": ""54.7"", ""H (cm)"": ""50"", ""A (°)"": ""73.5"", ""L1 (cm)"": ""42"", ""H1 (cm)"": ""15.7"", ""A1 (°)"": ""72"", ""Reach (mm)"": ""379"", ""Stack (mm)"": ""566"", ""Wheelbase (mm)"": ""1003""}",4400,true,https://www.wilier.com/es/bicicletas/carretera/granturismo-sl,https://www.wilier.com/es/bicicletas/carretera/granturismo-sl,html,2026-10-05
Wilier,Granturismo SL [1a27b0ec],Granturismo SL,,carretera,L,L,,,,,,586,384,"{""C/C (cm)"": ""50.5"", ""L (cm)"": ""55.8"", ""H (cm)"": ""52"", ""A (°)"": ""73.5"", ""L1 (cm)"": ""42"", ""H1 (cm)"": ""17.7"", ""A1 (°)"": ""72.5"", ""Reach (mm)"": ""384"", ""Stack (mm)"": ""586"", ""Wheelbase (mm)"": ""1010""}",4400,true,https://www.wilier.com/es/bicicletas/carretera/granturismo-sl,https://www.wilier.com/es/bicicletas/carretera/granturismo-sl,html,2026-10-05
Wilier,Granturismo SL [1a27b0ec],Granturismo SL,,carretera,XL,XL,,,,,,604,389,"{""C/C (cm)"": ""52.4"", ""L (cm)"": ""57.4"", ""H (cm)"": ""54"", ""A (°)"": ""73"", ""L1 (cm)"": ""42"", ""H1 (cm)"": ""19.6"", ""A1 (°)"": ""72.5"", ""Reach (mm)"": ""389"", ""Stack (mm)"": ""604"", ""Wheelbase (mm)"": ""1021""}",4400,true,https://www.wilier.com/es/bicicletas/carretera/granturismo-sl,https://www.wilier.com/es/bicicletas/carretera/granturismo-sl,html,2026-10-05
Wilier,Granturismo SL [1a27b0ec],Granturismo SL,,carretera,XXL,XXL,,,,,,625,395,"{""C/C (cm)"": ""54.3"", ""L (cm)"": ""59.2"", ""H (cm)"": ""56"", ""A (°)"": ""72.5"", ""L1 (cm)"": ""42"", ""H1 (cm)"": ""21.7"", ""A1 (°)"": ""72.5"", ""Reach (mm)"": ""395"", ""Stack (mm)"": ""625"", ""Wheelbase (mm)"": ""1033""}",4400,true,https://www.wilier.com/es/bicicletas/carretera/granturismo-sl,https://www.wilier.com/es/bicicletas/carretera/granturismo-sl,html,2026-10-05
Wilier,Rave SLR ID2 [8382f714],Rave SLR ID2,,gravel,XS,XS,,,,,,532,375,"{""C/C (cm)"": ""43.2"", ""L (cm)"": ""51.6"", ""H (cm)"": ""45"", ""A (°)"": ""75.5"", ""L1 (cm)"": ""41.9"", ""H1 (cm)"": ""10.7"", ""A1 (°)"": ""69.2"", ""Reach (mm)"": ""375"", ""Stack (mm)"": ""532"", ""Wheelbase (mm)"": ""1014""}",4900,true,https://www.wilier.com/es/bicicletas/gravel/rave-slr-id2,https://www.wilier.com/es/bicicletas/gravel/rave-slr-id2,html,2026-10-05
Wilier,Rave SLR ID2 [8382f714],Rave SLR ID2,,gravel,S,S,,,,,,546,381,"{""C/C (cm)"": ""46.2"", ""L (cm)"": ""53.2"", ""H (cm)"": ""48"", ""A (°)"": ""74.7"", ""L1 (cm)"": ""41.9"", ""H1 (cm)"": ""11.8"", ""A1 (°)"": ""70"", ""Reach (mm)"": ""381"", ""Stack (mm)"": ""546"", ""Wheelbase (mm)"": ""1017""}",4900,true,https://www.wilier.com/es/bicicletas/gravel/rave-slr-id2,https://www.wilier.com/es/bicicletas/gravel/rave-slr-id2,html,2026-10-05
Wilier,Rave SLR ID2 [8382f714],Rave SLR ID2,,gravel,M,M,,,,,,561,387,"{""C/C (cm)"": ""48.2"", ""L (cm)"": ""54.9"", ""H (cm)"": ""50"", ""A (°)"": ""74"", ""L1 (cm)"": ""42.1"", ""H1 (cm)"": ""13.1"", ""A1 (°)"": ""70.8"", ""Reach (mm)"": ""387"", ""Stack (mm)"": ""561"", ""Wheelbase (mm)"": ""1022""}",4900,true,https://www.wilier.com/es/bicicletas/gravel/rave-slr-id2,https://www.wilier.com/es/bicicletas/gravel/rave-slr-id2,html,2026-10-05
Wilier,Rave SLR ID2 [8382f714],Rave SLR ID2,,gravel,L,L,,,,,,579,393,"{""C/C (cm)"": ""50.2"", ""L (cm)"": ""56.6"", ""H (cm)"": ""52"", ""A (°)"": ""73.5"", ""L1 (cm)"": ""42.1"", ""H1 (cm)"": ""14.8"", ""A1 (°)"": ""71.2"", ""Reach (mm)"": ""393"", ""Stack (mm)"": ""579"", ""Wheelbase (mm)"": ""1031""}",4900,true,https://www.wilier.com/es/bicicletas/gravel/rave-slr-id2,https://www.wilier.com/es/bicicletas/gravel/rave-slr-id2,html,2026-10-05
Wilier,Rave SLR ID2 [8382f714],Rave SLR ID2,,gravel,XL,XL,,,,,,597,400,"{""C/C (cm)"": ""52.2"", ""L (cm)"": ""58.3"", ""H (cm)"": ""54"", ""A (°)"": ""73"", ""L1 (cm)"": ""42.3"", ""H1 (cm)"": ""16.6"", ""A1 (°)"": ""71.6"", ""Reach (mm)"": ""400"", ""Stack (mm)"": ""597"", ""Wheelbase (mm)"": ""1042""}",4900,true,https://www.wilier.com/es/bicicletas/gravel/rave-slr-id2,https://www.wilier.com/es/bicicletas/gravel/rave-slr-id2,html,2026-10-05
Wilier,Rave SLR ID2 [8382f714],Rave SLR ID2,,gravel,XXL,XXL,,,,,,617,408,"{""C/C (cm)"": ""54.2"", ""L (cm)"": ""59.7"", ""H (cm)"": ""56"", ""A (°)"": ""73"", ""L1 (cm)"": ""42.3"", ""H1 (cm)"": ""18.5"", ""A1 (°)"": ""72"", ""Reach (mm)"": ""408"", ""Stack (mm)"": ""617"", ""Wheelbase (mm)"": ""1052""}",4900,true,https://www.wilier.com/es/bicicletas/gravel/rave-slr-id2,https://www.wilier.com/es/bicicletas/gravel/rave-slr-id2,html,2026-10-05
Wilier,Filante [0f8acb34],Filante SLR ID2,,carretera,XS,XS,,,,,,505,373.5,"{""C/C (cm)"": ""44.5"", ""L (cm)"": ""50.8"", ""H (cm)"": ""45"", ""A (°)"": ""75.2"", ""L1 (cm)"": ""41.1"", ""H1 (cm)"": ""9.9"", ""A1 (°)"": ""70.6"", ""Reach (mm)"": ""373.5"", ""Stack (mm)"": ""505"", ""Wheelbase (mm)"": ""980.5""}",8500,true,https://www.wilier.com/es/bicicletas/carretera/filante-slr-id2,https://www.wilier.com/es/bicicletas/carretera/filante-slr-id2,html,2026-10-05
Wilier,Filante [0f8acb34],Filante SLR ID2,,carretera,S,S,,,,,,523,380,"{""C/C (cm)"": ""47.5"", ""L (cm)"": ""52.6"", ""H (cm)"": ""48"", ""A (°)"": ""74.5"", ""L1 (cm)"": ""41.1"", ""H1 (cm)"": ""11.5"", ""A1 (°)"": ""71.5"", ""Reach (mm)"": ""380"", ""Stack (mm)"": ""523"", ""Wheelbase (mm)"": ""985.1""}",8500,true,https://www.wilier.com/es/bicicletas/carretera/filante-slr-id2,https://www.wilier.com/es/bicicletas/carretera/filante-slr-id2,html,2026-10-05
Wilier,Filante [0f8acb34],Filante SLR ID2,,carretera,M,M,,,,,,541,386.5,"{""C/C (cm)"": ""50.5"", ""L (cm)"": ""54.2"", ""H (cm)"": ""51"", ""A (°)"": ""74"", ""L1 (cm)"": ""41.1"", ""H1 (cm)"": ""13.2"", ""A1 (°)"": ""72"", ""Reach (mm)"": ""386.5"", ""Stack (mm)"": ""541"", ""Wheelbase (mm)"": ""992.9""}",8500,true,https://www.wilier.com/es/bicicletas/carretera/filante-slr-id2,https://www.wilier.com/es/bicicletas/carretera/filante-slr-id2,html,2026-10-05
Wilier,Filante [0f8acb34],Filante SLR ID2,,carretera,L,L,,,,,,559,393,"{""C/C (cm)"": ""52.5"", ""L (cm)"": ""55.9"", ""H (cm)"": ""53"", ""A (°)"": ""73.5"", ""L1 (cm)"": ""41.1"", ""H1 (cm)"": ""14.9"", ""A1 (°)"": ""72.5"", ""Reach (mm)"": ""393"", ""Stack (mm)"": ""559"", ""Wheelbase (mm)"": ""1000.4""}",8500,true,https://www.wilier.com/es/bicicletas/carretera/filante-slr-id2,https://www.wilier.com/es/bicicletas/carretera/filante-slr-id2,html,2026-10-05
Wilier,Filante [0f8acb34],Filante SLR ID2,,carretera,XL,XL,,,,,,577,400,"{""C/C (cm)"": ""54.5"", ""L (cm)"": ""57.6"", ""H (cm)"": ""55"", ""A (°)"": ""73"", ""L1 (cm)"": ""41.3"", ""H1 (cm)"": ""16.6"", ""A1 (°)"": ""73"", ""Reach (mm)"": ""400"", ""Stack (mm)"": ""577"", ""Wheelbase (mm)"": ""1010.1""}",8500,true,https://www.wilier.com/es/bicicletas/carretera/filante-slr-id2,https://www.wilier.com/es/bicicletas/carretera/filante-slr-id2,html,2026-10-05
Wilier,Filante [0f8acb34],Filante SLR ID2,,carretera,XXL,XXL,,,,,,595,408,"{""C/C (cm)"": ""56.5"", ""L (cm)"": ""59"", ""H (cm)"": ""57"", ""A (°)"": ""73"", ""L1 (cm)"": ""41.3"", ""H1 (cm)"": ""18.3"", ""A1 (°)"": ""73.5"", ""Reach (mm)"": ""408"", ""Stack (mm)"": ""595"", ""Wheelbase (mm)"": ""1018.5""}",8500,true,https://www.wilier.com/es/bicicletas/carretera/filante-slr-id2,https://www.wilier.com/es/bicicletas/carretera/filante-slr-id2,html,2026-10-05
Wilier,Filante [0f8acb34],Filante SL ID2,,carretera,XS,XS,,,,,,505,373.5,"{""C/C (cm)"": ""44.5"", ""L (cm)"": ""50.8"", ""H (cm)"": ""45"", ""A (°)"": ""75.2"", ""L1 (cm)"": ""41.1"", ""H1 (cm)"": ""9.9"", ""A1 (°)"": ""70.6"", ""Reach (mm)"": ""373.5"", ""Stack (mm)"": ""505"", ""Wheelbase (mm)"": ""980.5""}",4800,true,https://www.wilier.com/es/bicicletas/carretera/filante-sl-id2,https://www.wilier.com/es/bicicletas/carretera/filante-sl-id2,html,2026-10-05
Wilier,Filante [0f8acb34],Filante SL ID2,,carretera,S,S,,,,,,523,380,"{""C/C (cm)"": ""47.5"", ""L (cm)"": ""52.6"", ""H (cm)"": ""48"", ""A (°)"": ""74.5"", ""L1 (cm)"": ""41.1"", ""H1 (cm)"": ""11.5"", ""A1 (°)"": ""71.5"", ""Reach (mm)"": ""380"", ""Stack (mm)"": ""523"", ""Wheelbase (mm)"": ""985.1""}",4800,true,https://www.wilier.com/es/bicicletas/carretera/filante-sl-id2,https://www.wilier.com/es/bicicletas/carretera/filante-sl-id2,html,2026-10-05
Wilier,Filante [0f8acb34],Filante SL ID2,,carretera,M,M,,,,,,541,386.5,"{""C/C (cm)"": ""50.5"", ""L (cm)"": ""54.2"", ""H (cm)"": ""51"", ""A (°)"": ""74"", ""L1 (cm)"": ""41.1"", ""H1 (cm)"": ""13.2"", ""A1 (°)"": ""72"", ""Reach (mm)"": ""386.5"", ""Stack (mm)"": ""541"", ""Wheelbase (mm)"": ""992.9""}",4800,true,https://www.wilier.com/es/bicicletas/carretera/filante-sl-id2,https://www.wilier.com/es/bicicletas/carretera/filante-sl-id2,html,2026-10-05
Wilier,Filante [0f8acb34],Filante SL ID2,,carretera,L,L,,,,,,559,393,"{""C/C (cm)"": ""52.5"", ""L (cm)"": ""55.9"", ""H (cm)"": ""53"", ""A (°)"": ""73.5"", ""L1 (cm)"": ""41.1"", ""H1 (cm)"": ""14.9"", ""A1 (°)"": ""72.5"", ""Reach (mm)"": ""393"", ""Stack (mm)"": ""559"", ""Wheelbase (mm)"": ""1000.4""}",4800,true,https://www.wilier.com/es/bicicletas/carretera/filante-sl-id2,https://www.wilier.com/es/bicicletas/carretera/filante-sl-id2,html,2026-10-05
Wilier,Filante [0f8acb34],Filante SL ID2,,carretera,XL,XL,,,,,,577,400,"{""C/C (cm)"": ""54.5"", ""L (cm)"": ""57.6"", ""H (cm)"": ""55"", ""A (°)"": ""73"", ""L1 (cm)"": ""41.3"", ""H1 (cm)"": ""16.6"", ""A1 (°)"": ""73"", ""Reach (mm)"": ""400"", ""Stack (mm)"": ""577"", ""Wheelbase (mm)"": ""1010.1""}",4800,true,https://www.wilier.com/es/bicicletas/carretera/filante-sl-id2,https://www.wilier.com/es/bicicletas/carretera/filante-sl-id2,html,2026-10-05
Wilier,Filante [0f8acb34],Filante SL ID2,,carretera,XXL,XXL,,,,,,595,408,"{""C/C (cm)"": ""56.5"", ""L (cm)"": ""59"", ""H (cm)"": ""57"", ""A (°)"": ""73"", ""L1 (cm)"": ""41.3"", ""H1 (cm)"": ""18.3"", ""A1 (°)"": ""73.5"", ""Reach (mm)"": ""408"", ""Stack (mm)"": ""595"", ""Wheelbase (mm)"": ""1018.5""}",4800,true,https://www.wilier.com/es/bicicletas/carretera/filante-sl-id2,https://www.wilier.com/es/bicicletas/carretera/filante-sl-id2,html,2026-10-05
Wilier,Rapida [1f5c3dcc],Rapida,,carretera,XS,XS,,,,,,520,372,"{""C/C (cm)"": ""41.2"", ""L (cm)"": ""50.9"", ""H (cm)"": ""43"", ""A (°)"": ""75.5"", ""L1 (cm)"": ""41"", ""H1 (cm)"": ""10.8"", ""A1 (°)"": ""70.5"", ""Reach (mm)"": ""372"", ""Stack (mm)"": ""520"", ""Wheelbase (mm)"": ""981"", ""Standover (mm)"": ""732""}",2899,true,https://www.wilier.com/es/bicicletas/carretera/rapida,https://www.wilier.com/es/bicicletas/carretera/rapida,html,2026-10-05
Wilier,Rapida [1f5c3dcc],Rapida,,carretera,S,S,,,,,,538,378,"{""C/C (cm)"": ""44.2"", ""L (cm)"": ""52.4"", ""H (cm)"": ""46"", ""A (°)"": ""75"", ""L1 (cm)"": ""41"", ""H1 (cm)"": ""12.5"", ""A1 (°)"": ""71.3"", ""Reach (mm)"": ""378"", ""Stack (mm)"": ""538"", ""Wheelbase (mm)"": ""986"", ""Standover (mm)"": ""758""}",2899,true,https://www.wilier.com/es/bicicletas/carretera/rapida,https://www.wilier.com/es/bicicletas/carretera/rapida,html,2026-10-05
Wilier,Rapida [1f5c3dcc],Rapida,,carretera,M,M,,,,,,556,384.5,"{""C/C (cm)"": ""47.2"", ""L (cm)"": ""54.5"", ""H (cm)"": ""49"", ""A (°)"": ""74"", ""L1 (cm)"": ""41.2"", ""H1 (cm)"": ""14.3"", ""A1 (°)"": ""72"", ""Reach (mm)"": ""384.5"", ""Stack (mm)"": ""556"", ""Wheelbase (mm)"": ""994"", ""Standover (mm)"": ""782""}",2899,true,https://www.wilier.com/es/bicicletas/carretera/rapida,https://www.wilier.com/es/bicicletas/carretera/rapida,html,2026-10-05
Wilier,Rapida [1f5c3dcc],Rapida,,carretera,L,L,,,,,,574,390,"{""C/C (cm)"": ""50.2"", ""L (cm)"": ""55.6"", ""H (cm)"": ""52"", ""A (°)"": ""74"", ""L1 (cm)"": ""41.2"", ""H1 (cm)"": ""16.2"", ""A1 (°)"": ""72"", ""Reach (mm)"": ""390"", ""Stack (mm)"": ""574"", ""Wheelbase (mm)"": ""1006"", ""Standover (mm)"": ""808""}",2899,true,https://www.wilier.com/es/bicicletas/carretera/rapida,https://www.wilier.com/es/bicicletas/carretera/rapida,html,2026-10-05
Wilier,Rapida [1f5c3dcc],Rapida,,carretera,XL,XL,,,,,,592,396,"{""C/C (cm)"": ""53.2"", ""L (cm)"": ""57.8"", ""H (cm)"": ""55"", ""A (°)"": ""73"", ""L1 (cm)"": ""41.4"", ""H1 (cm)"": ""18.3"", ""A1 (°)"": ""72"", ""Reach (mm)"": ""396"", ""Stack (mm)"": ""592"", ""Wheelbase (mm)"": ""1021"", ""Standover (mm)"": ""832""}",2899,true,https://www.wilier.com/es/bicicletas/carretera/rapida,https://www.wilier.com/es/bicicletas/carretera/rapida,html,2026-10-05
Wilier,Rapida [1f5c3dcc],Rapida,,carretera,XXL,XXL,,,,,,610,402,"{""C/C (cm)"": ""56.2"", ""L (cm)"": ""58.9"", ""H (cm)"": ""58"", ""A (°)"": ""73"", ""L1 (cm)"": ""41.4"", ""H1 (cm)"": ""20.2"", ""A1 (°)"": ""72"", ""Reach (mm)"": ""402"", ""Stack (mm)"": ""610"", ""Wheelbase (mm)"": ""1033"", ""Standover (mm)"": ""856""}",2899,true,https://www.wilier.com/es/bicicletas/carretera/rapida,https://www.wilier.com/es/bicicletas/carretera/rapida,html,2026-10-05
Wilier,URTA Ultimate [979316bf],URTA Ultimate,,mtb,S,S,,,,,,597.5,424,"{""L (cm)"": ""56.8"", ""H (cm)"": ""41"", ""A (°)"": ""76.8"", ""L1 (cm)"": ""43.3"", ""H1 (cm)"": ""9"", ""A1 (°)"": ""66.5 Technical 65.5 Fast"", ""Reach (mm)"": ""424"", ""Stack (mm)"": ""597.5"", ""Wheelbase (mm)"": ""1148.8"", ""Standover (mm)"": ""729"", ""Travel (mm)"": ""120""}",7500,true,https://www.wilier.com/es/bicicletas/mtb/urta-ultimate,https://www.wilier.com/es/bicicletas/mtb/urta-ultimate,html,2026-10-05
Wilier,URTA Ultimate [979316bf],URTA Ultimate,,mtb,M,M,,,,,,597.5,452,"{""L (cm)"": ""59.6"", ""H (cm)"": ""44"", ""A (°)"": ""76.8"", ""L1 (cm)"": ""43.3"", ""H1 (cm)"": ""9"", ""A1 (°)"": ""66.5 Technical 65.5 Fast"", ""Reach (mm)"": ""452"", ""Stack (mm)"": ""597.5"", ""Wheelbase (mm)"": ""1176.8"", ""Standover (mm)"": ""729"", ""Travel (mm)"": ""120""}",7500,true,https://www.wilier.com/es/bicicletas/mtb/urta-ultimate,https://www.wilier.com/es/bicicletas/mtb/urta-ultimate,html,2026-10-05
Wilier,URTA Ultimate [979316bf],URTA Ultimate,,mtb,L,L,,,,,,602,480,"{""L (cm)"": ""62.5"", ""H (cm)"": ""48"", ""A (°)"": ""76.8"", ""L1 (cm)"": ""43.3"", ""H1 (cm)"": ""9.5"", ""A1 (°)"": ""66.5 Technical 65.5 Fast"", ""Reach (mm)"": ""480"", ""Stack (mm)"": ""602"", ""Wheelbase (mm)"": ""1206.8"", ""Standover (mm)"": ""729"", ""Travel (mm)"": ""120""}",7500,true,https://www.wilier.com/es/bicicletas/mtb/urta-ultimate,https://www.wilier.com/es/bicicletas/mtb/urta-ultimate,html,2026-10-05
Wilier,URTA Ultimate [979316bf],URTA Ultimate,,mtb,XL,XL,,,,,,616,505,"{""L (cm)"": ""65.3"", ""H (cm)"": ""52"", ""A (°)"": ""76.8"", ""L1 (cm)"": ""43.3"", ""H1 (cm)"": ""11"", ""A1 (°)"": ""66.5 Technical 65.5 Fast"", ""Reach (mm)"": ""505"", ""Stack (mm)"": ""616"", ""Wheelbase (mm)"": ""1238"", ""Standover (mm)"": ""740"", ""Travel (mm)"": ""120""}",7500,true,https://www.wilier.com/es/bicicletas/mtb/urta-ultimate,https://www.wilier.com/es/bicicletas/mtb/urta-ultimate,html,2026-10-05
