brand,group,country,status,sizing_url,geometry_url
Giant,,,activo,,
Merida,,,activo,,
Trek,,,activo,,
Specialized,,,activo,,
Scott,,,activo,,
Canyon,,,activo,,
Cube,,,activo,,
Bianchi,,,activo,,
Cannondale,,,activo,,
Cervélo,,,activo,,
Focus,,,activo,,
Santa Cruz,,,activo,,
Lapierre,Accell,,incierto,,
Ghost,Accell,,incierto,,
Haibike,Accell,,incierto,,
Orbea,,,activo,,
BH,,,activo,,
Mondraker,,,activo,,
MMR,,,activo,,
Megamo,,,activo,,
Berria,,,activo,,
Massi,,,activo,,
Conor,,,activo,,
Coluer,,,activo,,
Decathlon,,,activo,,
KTM,,,activo,,
Pinarello,,,activo,,
Colnago,,,activo,,
Wilier,,,activo,,
Basso,,,activo,,
3T,,,activo,,
Aurum,,,activo,,
Ridley,,,activo,,
BMC,,,activo,,
Factor,,,activo,,
Look,,,activo,,
Argon 18,,,activo,,
