brand,label,size_normalized,source_url
Santa Cruz,SM,S,https://www.santacruzbicycles.com/en-eu/products/stigmata-apex-2027
Santa Cruz,MD,M,https://www.santacruzbicycles.com/en-eu/products/stigmata-apex-2027
Santa Cruz,LG,L,https://www.santacruzbicycles.com/en-eu/products/stigmata-apex-2027
BH,SM,S,https://www.bhbikes.com/es_ES/bicicletas/carretera/competicion-carretera/ultralight-9-0-lr906
BH,MD,M,https://www.bhbikes.com/es_ES/bicicletas/carretera/competicion-carretera/ultralight-9-0-lr906
BH,LA,L,https://www.bhbikes.com/es_ES/bicicletas/carretera/competicion-carretera/ultralight-9-0-lr906
Conor,SM,S,https://conorbikes.com/es/ver-todas/3594-20743-volcano-sram-red-8424065789007.html
Conor,MD,M,https://conorbikes.com/es/ver-todas/3594-20743-volcano-sram-red-8424065789007.html
Conor,LA,L,https://conorbikes.com/es/ver-todas/3594-20743-volcano-sram-red-8424065789007.html
Giant,ML,M/L,https://www.giant-bicycles.com/es/tcr-advanced-ui2-2027
